nom films;liens video;chemin acces;acteurs;genre;date_sortie;section;nouveaute;synopsis;restriction
300;https://www.youtube.com/watch?v=YNTY7tnmsxY&t=36s;images\300.jpg;Gerard Butler, Lena Headey;action, guerre;2007;bluray;;"Adapte du roman graphique de Frank Miller, 300 est un recit epique de la Bataille des Thermopyles, qui opposa en l'an - 480 le roi Leonidas et 300 soldats spartiates a Xerxes et l'immense armee perse. Face a un invincible ennemi, les 300 deployerent jusqu'a leur dernier souffle un courage surhumain ; leur vaillance et leur heroïque sacrifice inspirerent toute la Grece a se dresser contre la Perse, posant ainsi les premieres pierres de la democratie.";12 ans
2012;https://www.youtube.com/watch?v=m33rzUxflto&t=25s;images\2012.jpg;John Cusack, Chiwetel Ejiofor, Amanda Peet;science-fiction, catastrophe;2009;bluray;;Les Mayas, l'une des plus fascinantes civilisations que la Terre ait portees, nous ont transmis une prophetie : leur calendrier prend fin en 2012, et notre monde aussi. Depuis, les astrologues l'ont confirme, les numerologues l'ont predit, les geophysiciens trouvent cela dangereusement plausible, et même les experts scientifiques gouvernementaux finissent par arriver a cette terrifiante conclusion. La prophetie maya a ete examinee, discutee, minutieusement analysee. En 2012, nous saurons tous si elle est vraie, mais quelques-uns auront ete prevenus depuis longtemps..Lorsque les plaques tectoniques se mettent a glisser, provoquant de multiples seismes et detruisant Los Angeles au passage, Jackson Curtis, romancier, et sa famille se jettent a corps perdu, comme des millions d'individus, dans un voyage desespere. Tous ne pourront pas être sauves...;
1789_les_amants_de_la_bastille;https://www.youtube.com/watch?v=VDDrh8UmjoU;images\1789_les_amants_de_la_bastille.jpg;;musical;;dvd;;;
24_heure_limit;https://www.youtube.com/watch?v=zrCb5klZZCc;images\24_heure_limit.jpg;Ethan Hawke, Paul Anderson, Rutger Hauer;thriller, action;2017;bluray;;Travis Conrad, tueur d’elite d’une organisation paramilitaire, est tue en mission en Afrique du Sud. Mais une procedure medicale experimentale mise en place par ses employeurs le ramene temporairement a la vie, lui offrant 24 heures supplementaires. Dans cette course contre la mort, comment Travis va-t-il pouvoir se sortir de ce piege ?;12 ans
50_nuances_de_grey;https://www.youtube.com/watch?v=9G7oSGWHSVc&t=49s;images\50_nuances_de_grey.jpg;Jamie Dornan, Dakota Johnson, Jennifer Ehle;romance, drame;2015;bluray;;L'histoire d'une romance passionnelle, et sexuelle, entre un jeune homme riche amateur de femmes, et une etudiante vierge de 22 ans.;12 ans
50_nuances_plus_claire;https://www.youtube.com/watch?v=p-2dGdfZzL4;images\50_nuances_plus_claire.jpg;Dakota Johnson, Jamie Dornan, Eric Johnson;romance, drame;2018;bluray;;Pensant avoir laisse derriere eux les ombres du passe, les jeunes maries Christian et Ana profitent pleinement de leur relation tortueuse et partagent une vie de luxe. Mais alors qu’Anastasia commence tout juste a s’adapter a son nouveau rôle de Madame Grey et que Christian s’ouvre finalement a elle, de nouvelles menaces viennent mettre en peril leur vie commune avant même qu’elle n’ait debute. ;12 ans
50_nuances_plus_sombre;https://www.youtube.com/watch?v=0Ah1o0ZZjNY;images\50_nuances_plus_sombre.jpg;Dakota Johnson, Jamie Dornan, Bella Heathcote;romance, drame;2017;bluray;;C’est un Christian blesse qui tente de reconquerir Anastasia. Cette derniere exige un nouveau contrat avant de lui laisser une seconde chance. Mais une ombre surgit du passe de Christian et plane sur les deux amants, determinee a detruire un quelconque espoir de vie commune.;12 ans
60_secondes_chrono;https://www.youtube.com/watch?v=uhg-Y93I9-A;images\60_secondes_chrono.jpg;Nicolas Cage, Angelina Jolie, Robert Duvall;action;2000;bluray;;Pour sauver son frere Kip qui est entre les mains du redoutable Raymond Calitri, Memphis, un ancien braqueur de voitures, doit voler cinquante bolides d'exception en une nuit. Ses ennemis, ses amis, celle qu'il a toujours aimee et la police, qui n'a jamais reussi a le coincer, l'attendent au tournant.;
a_star_is_born;https://www.youtube.com/watch?v=jsg9NxCBzFs&t=31s;images\a_star_is_born.jpg;Lady Gaga, Bradley Cooper, Sam Elliott;musical, drame;2018;bluray;;Star de country un peu oubliee, Jackson Maine decouvre Ally, une jeune chanteuse tres prometteuse. Tandis qu'ils tombent follement amoureux l'un de l'autre, Jack propulse Ally sur le devant de la scene et fait d'elle une artiste adulee par le public. Bientôt eclipse par le succes de la jeune femme, il vit de plus en plus mal son propre declin…;
ad_astra;https://www.youtube.com/watch?v=Gf97Szc_UfI;images\ad_astra.jpg;Brad Pitt, Tommy Lee Jones, Ruth Negga;science-fiction;2019;bluray;;L’astronaute Roy McBride s’aventure jusqu’aux confins du systeme solaire a la recherche de son pere disparu et pour resoudre un mystere qui menace la survie de notre planete. Lors de son voyage, il sera confronte a des revelations mettant en cause la nature même de l’existence humaine, et notre place dans l’univers.;
african_bambi;https://www.youtube.com/watch?v=EDzq285OJ2g;images\african_bambi.jpg;;;;enfant;;;
aladdin;https://www.youtube.com/watch?v=IrzzGm3AmLg&t=31s;images\aladdin.jpg;Will Smith, Anthony Kavanagh, Mena Massoud;aventure;2019;bluray, enfant;;Quand un charmant garçon des rues du nom d’Aladdin cherche a conquerir le cœur de la belle, enigmatique et fougueuse princesse Jasmine, il fait appel au tout puissant Genie, le seul qui puisse lui permettre de realiser trois vœux, dont celui de devenir le prince Ali pour mieux acceder au palais…;8 ans
aladdin_anime;https://www.youtube.com/watch?v=NZqFRTbi7IE;images\aladdin_anime.jpg;;dessin anime;1993;enfant;;Comment Aladdin, grâce a la felonie du grand vizir, va se procurer la lampe magique qui heberge le fameux genie et nous entraîner dans la plus etonnante des aventures.;
alerte_rouge;https://www.youtube.com/watch?v=41pXKTSrC_g;images\alerte_rouge.jpg;;dessin anime;2022;enfant;;Les aventures de Meilin Lee, une jeune adolescente de 13 ans, pleine d’assurance, mais tiraillee entre son image de petite fille modele aux yeux de sa mere hyper protectrice et le chaos de l’adolescence. Et comme si tous les changements qui s’operent en elle ne suffisaient pas, chaque fois qu’elle est debordee par ses emotions - ce qui, pour une ado, arrive quasiment tout le temps - elle se transforme en panda roux geant !;
alibi_com;https://www.youtube.com/watch?v=hXUggM713X4&t=68s;images\alibi_com.jpg;Philippe Lacheau, elodie Fontan, Julien Arruti;comedie;2017;bluray;;Greg a fonde une entreprise nommee Alibi.com qui cree tout type d'alibi. Avec Augustin son associe, et Medhi son nouvel employe, ils elaborent des stratagemes et mises en scene imparables pour couvrir leurs clients. Mais la rencontre de Flo, une jolie blonde qui deteste les hommes qui mentent, va compliquer la vie de Greg, qui commence par lui cacher la vraie nature de son activite. Lors de la presentation aux parents, Greg comprend que Gerard, le pere de Flo, est aussi un de leurs clients...;
alice_au_pays_des_merveilles;https://www.youtube.com/watch?v=ePElCshaYpQ;images\alice_au_pays_des_merveilles.jpg;;dessin anime;1951;enfant;;"Alors qu'elle se repose sous un arbre, Alice voit passer un lapin blanc criant "" Je suis en retard "". Curieuse, elle le suit et tombe dans un puits. Elle se retrouve dans un monde etrange où se côtoient diverses creatures, certaines amusantes, d'autres terrifiantes, comme la Reine de Coeur qui coupe la tête a tout le monde.";
aliens_1;https://www.youtube.com/watch?v=j3CFj1R9HbQ&t=35s;images\aliens_1.jpg;Sigourney Weaver, Tom Skerritt, Veronica Cartwright;horreur, science-fiction;1979;bluray;;Le vaisseau commercial Nostromo et son equipage, sept hommes et femmes, rentrent sur Terre avec une importante cargaison de minerai. Mais lors d'un arrêt force sur une planete deserte, l'officier Kane se fait agresser par une forme de vie inconnue, une arachnide qui etouffe son visage. Apres que le docteur de bord lui retire le specimen, l'equipage retrouve le sourire et dîne ensemble. Jusqu'a ce que Kane, pris de convulsions, voit son abdomen perfore par un corps etranger vivant, qui s'echappe dans les couloirs du vaisseau...;12 ans
aliens_2;https://www.youtube.com/watch?v=gaJFi3LiFOQ&t=25s;images\aliens_2.jpg;Sigourney Weaver, Michael Biehn, Lance Henriksen;horreur, science-fiction;1986;bluray;;"Apres 57 ans de derive dans l'espace, Ellen Ripley est secourue par la corporation Weyland-Yutani. Malgre son rapport concernant l’incident survenu sur le Nostromo, elle n’est pas prise au serieux par les militaires quant a la presence de xenomorphes sur la planete LV-426 où se posa son equipage… planete où plusieurs familles de colons ont ete envoyees en mission de ""terraformage"". Apres la disparition de ces derniers, Ripley decide d'accompagner une escouade de marines dans leur mission de sauvetage... et d’affronter a nouveau la Bête.";12 ans
aliens_3;https://www.youtube.com/watch?v=qL-NR79zS7A;images\aliens_3.jpg;Sigourney Weaver, Charles S. Dutton;horreur, science-fiction;1992;bluray;;Seule survivante d'un carnage sur une planète lointaine, Ripley s'échoue sur Fiorina 161, planète oubliée de l'univers, balayée par des vents puissants. Une communauté d'une vingtaine d'hommes y vit. Violeurs, assassins, infanticides, ce sont les plus dangereux détenus de droits communs de l'univers. L'arrivée de Ripley va les confronter à un danger qui sera plus fort qu'eux.;12 ans
aliens_4;https://www.youtube.com/watch?v=JMpSSEWoqWA&t=25s;images\aliens_4.jpg;Sigourney Weaver, Winona Ryder, Dan Hedaya;horreur, science-fiction;1997;bluray;;Deux cents ans après la mort de l'officier Ripley, une équipe de généticiens ressuscite la jeune femme en croisant son ADN avec celui d'un Alien. Le cauchemar reprend. A bord de la station Auriga, Ripley donne naissance à un fils qui lui est aussitôt enlevé. Prisonnière, elle s'efforce de renouer avec son lointain passé humain. Bientôt un autre vaisseau rejoint l'Auriga. Parmi l'équipage composé de brutes et de mercenaires, Ripley découvre une belle jeune femme, Call, avec laquelle elle ne tarde pas à se lier d'amitié.;12 ans
aliens_5;https://www.youtube.com/watch?v=o_rfh8wBnGE;images\aliens_5.jpg;Sigourney Weaver, Winona Ryder;horreur, science-fiction;2017;bluray;;;
aliens_6_prometeus;https://www.youtube.com/watch?v=Oxv5SP3sags&t=53s;images\aliens_6_prometeus.jpg;Noomi Rapace, Michael Fassbender, Charlize Theron;horreur, science-fiction;2012;bluray;;Une équipe d’explorateurs découvre un indice sur l’origine de l’humanité sur Terre. Cette découverte les entraîne dans un voyage fascinant jusqu’aux recoins les plus sombres de l’univers. Là-bas, un affrontement terrifiant qui décidera de l’avenir de l’humanité les attend.;12 ans
alien_romulus;https://www.youtube.com/watch?v=v1_H9NmQEoU;images\alien_romulus.jpeg;Cailee Spaeny, David Jonsson, Archie Renaux;science-fiction, horreur;2024;bluray;;Alors qu’il entreprend des fouilles dans une station spatiale abandonnée, un groupe de jeunes voyageurs se retrouve confronté à la forme de vie la plus terrifiante de l'univers…;12 ans
aline;https://www.youtube.com/watch?v=4dWI7GDkaPg;images\aline.jpg;Valérie Lemercier, Sylvain Marcel, Danielle Fichaud;biopic, drame;2020;bluray;;Petite dernière d'une fratrie de 14 enfants, la petite Aline, qui vit dans un village du Québec, montre des dons précoces pour le chant. Le producteur Guy-Claude voit en elle un diamant brut. Il s'occupe de son aspect physique et de lui trouver de potentiels hits. Au fil du temps, Aline tombe amoureuse de son mentor...;
alita;https://www.youtube.com/watch?v=c4nJBG8xB7s;images\alita.jpg;Rosa Salazar, Christoph Waltz, Jennifer Connelly;science-fiction;2019;bluray;;Lorsqu’Alita se réveille sans aucun souvenir de qui elle est, dans un futur qu’elle ne reconnaît pas, elle est accueillie par Ido, un médecin qui comprend que derrière ce corps de cyborg abandonné, se cache une jeune femme au passé extraordinaire. Ce n’est que lorsque les forces dangereuses et corrompues qui gèrent la ville d’Iron City se lancent à sa poursuite qu’Alita découvre la clé de son passé - elle a des capacités de combat uniques, que ceux qui détiennent le pouvoir veulent absolument maîtriser. Si elle réussit à leur échapper, elle pourrait sauver ses amis, sa famille, et le monde qu’elle a appris à aimer.;12 ans
amercican_nigthmare_1;https://www.youtube.com/watch?v=AVRk-UhPkHU;images\amercican_nigthmare_1.jpg;Ethan Hawke, Lena Headey, Max Burkholder;horreur, action;2013;bluray;;Dans une Amérique rongée par une criminalité débridée et des prisons surpeuplées, le gouvernement a donné son accord pour qu’une fois par an, pendant 12 heures, toutes activités criminelles, meurtres inclus, soient légalisées. La police ne peut intervenir. Les hôpitaux suspendent leurs services. Une nuit durant, les citoyens sont à même de définir leurs propres règles et de faire leur propre loi, sans avoir à craindre de sanctions. Au cours d’une telle nuit hantée par la violence et le crime, une famille va devoir faire un choix – bourreau ou victime ? – face à un inconnu venu frapper à sa porte.;12 ans
amercican_nigthmare_2;https://www.youtube.com/watch?v=tpNKIBt-pXA;images\amercican_nigthmare_2.jpg;Frank Grillo, Carmen Ejogo, Zach Gilford;horreur, action;2014;bluray;;Leo, un homme sombre et énigmatique, brigadier de police, est hanté par la disparition de son fils. S'armant d'un arsenal offensif et défensif, cet homme possédé est résolu à se purger de ses démons. Eva, une mère célibataire tentant tant bien que mal de joindre les deux bouts, et sa fille adolescente Cali vivent dans un quartier défavorisé et n'ont pas les moyens de s'offrir une bonne protection. Quand une poignée de «purgeurs» masqués pénètrent chez elles et les capturent, elles n'ont d'autre choix que de s'en remettre à leur libérateur fortuit, Leo. Au détriment de sa mission de vengeance «autorisée» contre celui qui a porté préjudice à sa famille, Leo, témoin de l'enlèvement d'Eva et Cali, ouvre le feu sur leurs agresseurs alors que Shane et Liz, un couple sur le point de se séparer, sont les victimes d'un acte de sabotage sur leur voiture à quelques minutes seulement du début de la Purge. Trouvant refuge dans le véhicule blindé que Leo a laissé ouvert pour porter secours à Eva et Cali, Shane et Liz s'allient alors à eux pour tenter de se défendre contre ceux qui ont la ferme intention d'exercer leur droit à la tuerie. Alors que ces cinq nouveaux alliés sont poursuivis à travers la ville, dans un sinistre jeu de «tue-moi ou je te tue» effaçant la frontière entre vengeance sponsorisée et justice humaine, tous sont amenés à remettre en question tout ce que leurs dirigeants leur ont toujours prôné.;12 ans
amercican_nigthmare_3;https://www.youtube.com/watch?v=FW8CqyN7esE;images\amercican_nigthmare_3.jpg;Frank Grillo, Elizabeth Mitchell, Mykelti Williamson;horreur, action;2016;bluray;;Une sénatrice américaine candidate à la présidence fait campagne pour abolir la purge, cette demi-journée annuelle pendant laquelle le meurtre devient légal. Pour elle, il n'y a rien de cathartique dans ce moment de violence barbare. Mais la date de la nouvelle purge approche, et ses promoteurs fanatiques promettent d'en profiter pour éliminer la candidate. La malheureuse n'as pas beaucoup d'alliés. Tout le monde se barricade et espère sortir vivant de ces douze heures de cauchemar. Quand les sirènes annonçant l'ouverture de la purge retentissent, l'élue ne peut compter que sur son garde du corps. Ce troisième volet, sorti en 2016, fait écho de manière astucieuse aux élections américaines de cette année-là.;12 ans
amercican_nigthmare_4;https://www.youtube.com/watch?v=O6_CqoAT2bM;images\amercican_nigthmare_4.jpg;Y'lan Noel, Lex Scott Davis, Joivan Wade;horreur, action;2018;bluray;;Pour faire passer le taux de criminalité en-dessous de 1% le reste de l’année, les « Nouveaux Pères Fondateurs » testent une théorie sociale qui permettrait d’évacuer la violence durant une nuit dans une ville isolée. Mais lorsque l’agressivité des tyrans rencontre la rage de communautés marginalisées, le phénomène va s’étendre au-delà des frontières de la ville test jusqu’à atteindre la nation entière.;12 ans
american_sniper;https://www.youtube.com/watch?v=biaNCv--D4s&t=32s;images\american_sniper.jpg;Clint Eastwood;guerre, action;;bluray;;;
anges_et_demons;https://www.youtube.com/watch?v=6fvLICEn4RI&t=1s;images\anges_et_demons.jpg;Tom Hanks, Ewan McGregor;thriller, mystere;2009;bluray;;;
annabelle;https://www.youtube.com/watch?v=LUCOp6efZmg&t=35s;images\annabelle.jpg;Annabelle Wallis, Ward Horton;horreur;2014;bluray;;;
annabelle_2;https://www.youtube.com/watch?v=WOWrsTwxU48;images\annabelle_2.jpg;Stephanie Sigman, Miranda Otto;horreur;2017;bluray;;;
ant_man_1;https://www.youtube.com/watch?v=_mWjqYXA59E;images\ant_man_1.jpg;Paul Rudd, Michael Douglas, Evangeline Lilly;action, comedie;2015;bluray;;;
ant_man_et_la_guepe;https://www.youtube.com/watch?v=Ar38xc7JWxc;images\ant_man_et_la_guepe.jpg;Paul Rudd, Evangeline Lilly, Michael Douglas;action, comedie;2018;bluray;;;
ant_man_quantumania;https://www.youtube.com/watch?v=Q0uaHT1wsTQ;images\ant_man_quantumania.jpg;Paul Rudd, Evangeline Lilly, Jonathan Majors;action, comedie;2023;bluray;;;
aquaman;https://www.youtube.com/watch?v=ivvOKs7B-Vw;images\aquaman.jpg;Jason Momoa, Amber Heard;action;2018;bluray;;;
aquaman_2;https://www.youtube.com/watch?v=rf_d8jA89_o;images\aquaman_2.jpg;Jason Momoa, Patrick Wilson;;2024;bluray;oui;;
armageddon;https://www.youtube.com/watch?v=cYznwIfEFFg&t=25s;images\armageddon.jpg;Bruce Willis, Ben Affleck, Liv Tyler;action, science-fiction;1998;bluray;;;
arthur_et_les_minimoys;https://www.youtube.com/watch?v=qJeKKd0gPiU&t=22s;images\arthur_et_les_minimoys.jpg;Freddie Highmore, Mia Farrow (voix);aventure, comedie;2006;enfant, bluray;;;
arthur_et_les_minimoys_2;https://www.youtube.com/watch?v=jgCFy7kl9T8&t=43s;images\arthur_et_les_minimoys_2.jpg;Freddie Highmore, Selena Gomez (voix);aventure, comedie;2009;enfant, bluray;;;
arthur_et_les_minimoys_3;https://www.youtube.com/watch?v=mOdxATJwad0&t=37s;images\arthur_et_les_minimoys_3.jpg;Freddie Highmore, Mia Farrow (voix);aventure, comedie;2010;enfant, bluray;;;
asterix_et_obelix;https://www.youtube.com/watch?v=RNKFKDs5SGk&t=46s;images\asterix_et_obelix.jpg;;aventure, comedie;2023;enfant, bluray;;;
au_dela;https://www.youtube.com/watch?v=EnYjJjeo488&t=27s;images\au_dela.jpg;Clint Eastwood;thriller;;bluray;;;
avatar_1;https://www.youtube.com/watch?v=O1CzgULNRGs;images\avatar_1.jpg;Sam Worthington, Zoe Saldana;science-fiction, action;2009;bluray;;;
avatar_2;https://www.youtube.com/watch?v=598NnroP42s;images\avatar_2.jpg;Sam Worthington, Zoe Saldana;science-fiction, action;2022;bluray;;;
avengers_1;https://www.youtube.com/watch?v=b-kTeJhHOhc&t=40s;images\avengers_1.jpg;Robert Downey Jr., Chris Evans, Mark Ruffalo;action;2012;bluray;;;
avengers_2_l_ere_d_ultron;https://www.youtube.com/watch?v=XmzJ5WMSr-g;images\avengers_lere_dultron.jpg;Robert Downey Jr., Chris Evans, Scarlett Johansson;action;2019;bluray;;;
avengers_3_infinity_war;https://www.youtube.com/watch?v=UDW_LLdERFw;images\avengers_infinity_war.jpg;Robert Downey Jr., Chris Evans, Scarlett Johansson;action;2018;bluray;;;
avengers_4_endgame;https://www.youtube.com/watch?v=wV-Q0o2OQjQ&t=55s;images\avengers_endgame.jpg;Robert Downey Jr., Chris Evans, Mark Ruffalo;action;2015;bluray;;;
baby_boss;https://www.youtube.com/watch?v=u52L6ZZMU4o;images\baby_boss.jpg;;dessin anime;;enfant;;;
babylon;https://www.youtube.com/watch?v=50P1-oPvZOg;images\babylon.jpg;Brad Pitt, Margot Robbie;;2023;bluray;;;
bad_boys;https://www.youtube.com/watch?v=n4PA-z54c6M;images\bad_boys.jpg;Will Smith, Martin Lawrence;;;bluray;;;
bad_boys_2;https://www.youtube.com/watch?v=vJe_UT7LKfY;images\bad_boys_2.jpg;Will Smith, Martin Lawrence;;;bluray;;;
bad_boys_for_life;https://www.youtube.com/watch?v=9fA_ORiKbxI;images\bad_boys_for_life.jpg;Will Smith, Martin Lawrence;;;bluray;;;
bad_boys_ride_or_die;https://www.youtube.com/watch?v=Y7GX3iPk0xE;images\bad_boys_ride_or_die.jpg;Will Smith, Martin Lawrence;;;bluray;oui;;
barbie;https://www.youtube.com/watch?v=76LYe958Va0&t=36s;images\barbie.jpg;;comedie;2024;bluray;;;
batman_the_darknight;https://www.youtube.com/watch?v=UMgb3hQCb08;images\batman_the_darknight.jpg;Christian Bale, Heath Ledger;action, science-fiction;2008;bluray;;;
batman_vs_superman;https://www.youtube.com/watch?v=rW4ZaR2Jndg&t=37s;images\batman_vs_superman.jpg;Ben Affleck, Henry Cavill;action, science-fiction;2016;bluray;;;
bee_movie;https://www.youtube.com/watch?v=8luPknhlzpM;images\bee_movie.jpg;;dessin anime;;enfant;;;
benjamin_button;https://www.youtube.com/watch?v=dDyJ4pSxC20;images\l_etrange_histoire_de_benjamin_button.jpeg;Brad Pitt, Cate Blanchett, Julia Ormond;fantastique;2009;bluray;;;
bird_of_prey;https://www.youtube.com/watch?v=6bh1OHkIuYA;images\bird_of_prey.jpg;Margot Robbie, Mary Elizabeth Winstead;action, comedie;2020;bluray;;;
black_adam;https://www.youtube.com/watch?v=vUnRitCWjqc;images\black_adam.jpg;Dwayne Johnson, Sarah Shahi;action, aventure;2022;bluray;;;
black_k_klasman;https://www.youtube.com/watch?v=zvTxYdsWbKk&t=29s;images\black_k_klasman.jpg;John David Washington, Adam Driver;comedie;2018;bluray;;;
black_panther;https://www.youtube.com/watch?v=lyKngqfmqW4;images\black_panther.jpg;Chadwick Boseman, Michael B. Jordan;action, science-fiction;2018;bluray;;;
black_panther_wakanda_forever;https://www.youtube.com/watch?v=Pa4BEJcrMAA;images\black_panther_wakanda_forever.jpg;Letitia Wright, Lupita Nyong'o;action, science-fiction;2022;bluray;;;
black_storm;https://www.youtube.com/watch?v=hjqe0TjtsJs&t=33s;images\black_storm.jpg;Richard Armitage, Sarah Wayne Callies;action, thriller;2014;bluray;;;
black_widow;https://www.youtube.com/watch?v=4l99M0zOEaA&t=35s;images\black_widow.jpg;Scarlett Johansson, Florence Pugh;action, thriller;2021;bluray;;;
blade_runner_2049;https://www.youtube.com/watch?v=O4C5cwSbXZ8&t=29s;images\blade_runner_2049.jpg;Ryan Gosling, Harrison Ford;science-fiction, thriller;2017;bluray;;;
blanche_neige_et_les_septs_nains;https://www.youtube.com/watch?v=eyjc8txuG44;images\blanche_neige_et_les_septs_nains.jpg;;dessin anime;;enfant;;;
bodyguard;https://www.youtube.com/watch?v=AhIJMuPHWVQ&t=27s;images\bodyguard.jpg;Kevin Costner, Whitney Houston;romance, thriller;1992;bluray;;;
bohemian_rhapsody;https://www.youtube.com/watch?v=xXuDGUviTgA;images\bohemian_rhapsody.jpg;Rami Malek, Lucy Boynton;musical, drame;2018;bluray;;;
bob_marley_one_love;https://www.youtube.com/watch?v=BEjRSLGysFY;images\bob_marley_one_love.jpg;Kingsley Ben Adir;musical;2024;bluray;oui;;
breezy;https://www.youtube.com/watch?v=38zpqhU_GcM&t=21s;images\breezy.jpg;Clint Eastwood;dessin anime;;bluray;;;
brokeback_mountain;https://www.youtube.com/watch?v=tSpNRjmNL2E;images\brokeback_mountain.jpeg;Heath Ledger, Jake Gyllenhaal, Michelle Williams;drame;2006;bluray;;;
buzz_l_eclair;https://www.youtube.com/watch?v=q41VoF95fmI;images\buzz_l_eclair.jpg;;dessin anime;;enfant;;;
ca_1;https://www.youtube.com/watch?v=Tw3yT-qAbvc;images\ca_1.jpg;Bill Skarsgård, Jaeden Martell;horreur;2017;bluray;;;
ca_2;https://www.youtube.com/watch?v=yOZA2y_dQA4;images\ca_2.jpg;Bill Skarsgård, James McAvoy;horreur;2019;bluray;;;
ca_va_cogner;https://www.youtube.com/watch?v=067jGVhbIdo;images\ca_va_cogner.jpg;Clint Eastwood;action, comedie;;bluray;;;
captain_america_1;https://www.youtube.com/watch?v=IsiV9IJieMk&t=17s;images\captain_america_1.jpg;Chris Evans, Hayley Atwell;action, aventure;2011;bluray;;;
captain_america_civil_war;https://www.youtube.com/watch?v=fuIIGDjEj8Q&t=47s;images\captain_america_civil_war.jpg;Chris Evans, Robert Downey Jr.;action, aventure;2014;bluray;;;
captain_america_le_soldat_d_hiver;https://www.youtube.com/watch?v=Zp1L2kc9p1I;images\captain_america_le_soldat_d_hiver.jpg;Chris Evans, Sebastian Stan;action, aventure;2016;bluray;;;
captain_marvel;https://www.youtube.com/watch?v=rndLWLmwgeA;images\captain_marvel.jpg;Brie Larson, Samuel L. Jackson;action, aventure;2019;bluray;;;
captivity;https://www.youtube.com/watch?v=Ncmo6Tig2Vk;images\captivity.jpg;Elisha Cuthbert, Daniel Gillies;science-fiction;2018;bluray;;;
cars;https://www.youtube.com/watch?v=UIXZUfzrIUQ;images\cars.jpg;;dessin anime;;enfant;;;
cars_2;https://www.youtube.com/watch?v=z1DD1pQmXP0;images\cars_2.jpg;;dessin anime;;enfant;;;
cendrillon;https://www.youtube.com/watch?v=mB8RJ7xA7rw;images\cendrillon.jpg;;dessin anime;;enfant;;;
chernobyl;https://www.youtube.com/watch?v=Fsw9Ds8Ujuo;images\chernobyl.jpg;;catastrophe;2021;bluray;;;
cleopatre_la_derniere_reine_d_egypte;https://www.youtube.com/watch?v=EuSPbfuWGuA;images\cleopatre_la_derniere_reine_d_egypte.jpg;;musical;;dvd;;;
cocktail;https://www.youtube.com/watch?v=N2_6tS80-Pw;images\cocktail.jpg;Tom Cruise, Bryan Brown;romance, comedie;1988;bluray;;;
contagion;https://www.youtube.com/watch?v=MSgq3CgV7_A;images\contagion.jpg;Matt Damon, Kate Winslet;science-fiction, thriller;2011;bluray;;;
creance_de_sang;https://www.youtube.com/watch?v=BR1p0Kgu9bo;images\creance_de_sang.jpg;Clint Eastwood;thriller;;bluray;;;
da_vinci_code;https://www.youtube.com/watch?v=dOJBaIjXGnQ&t=39s;images\da_vinci_code.jpg;Tom Hanks, Audrey Tautou;thriller, mystere;2006;bluray;;;
de_lor_pour_les_braves;https://www.youtube.com/watch?v=5kc-9llhtHc;images\de_lor_pour_les_braves.jpg;Clint Eastwood;guerre;;bluray;;;
deadpool_1;https://www.youtube.com/watch?v=XWtH7anz7io&t=72s;images\deadpool_1.jpg;Ryan Reynolds, Morena Baccarin;action, comedie;2016;bluray;;;
deadpool_2;https://www.youtube.com/watch?v=QgzslSsSECM;images\deadpool_2.jpg;Ryan Reynolds, Josh Brolin;action, comedie;2018;bluray;;;
deadpool_3;https://www.youtube.com/watch?v=AAWJ21wLN4A;images\deadpool_3.jpg;Ryan Reynolds, Hugh Jackman;action, comedie;2024;bluray;oui;;
destination_finale_1;https://www.youtube.com/watch?v=Mog5aEuq-8A&t=2s;images\destination_finale_1.jpg;Devon Sawa, Ali Larter;horreur;2000;bluray;;;
destination_finale_2;https://www.youtube.com/watch?v=NqK9Gbrnyec&t=8s;images\destination_finale_2.jpg;A.J. Cook, Ali Larter;horreur;2003;bluray;;;
destination_finale_3;https://www.youtube.com/watch?v=iqVxVKL-yOM;images\destination_finale_3.jpg;Mary Elizabeth Winstead, Ryan Merriman;horreur;2006;bluray;;;
destination_finale_4;https://www.youtube.com/watch?v=PBF4DTFUZKg&t=15s;images\destination_finale_4.jpg;Bobby Campo, Shantel VanSanten;horreur;2009;bluray;;;
destination_finale_5;https://www.youtube.com/watch?v=VjqCOYHrd5s;images\destination_finale_5.jpg;Nicholas D'Agosto, Emma Bell;horreur;2011;bluray;;;
die_hard_1;https://www.youtube.com/watch?v=rf79c9Da83I&t=3s;images\die_hard_1.jpg;Bruce Willis, Alan Rickman;action, thriller;1988;bluray;;;
die_hard_2_58_min_pour_vivre;https://www.youtube.com/watch?v=dC9UCRMxoZg&t=45s;images\die_hard_2_58_min.jpg;Bruce Willis, William Atherton;action, thriller;1990;bluray;;;
die_hard_3_une_journee_en_enfer;https://www.youtube.com/watch?v=K2AruxS8-Rs;images\die_hard_3_une_journee_en_enfer.jpg;Bruce Willis, Samuel L. Jackson;action, thriller;1995;bluray;;;
die_hard_4_retour_en_enfer;https://www.youtube.com/watch?v=IQuquL2xuzY&t=36s;images\die_har_4_retour_en_enfer.jpg;Bruce Willis, Justin Long;action, thriller;2007;bluray;;;
die_hard_5_belle_journee_pour_mourir;https://www.youtube.com/watch?v=IBX_A-5iWYA&t=41s;images\die_hard_5_belle_journee_pour_mourir.jpg;Bruce Willis, Jai Courtney;action, thriller;2013;bluray;;;
divergeante_1;https://www.youtube.com/watch?v=gxbwcBlj_dM&t=63s;images\divergeante_1.jpg;Shailene Woodley, Theo James;action, science-fiction;2014;bluray;;;
divergeante_2;https://www.youtube.com/watch?v=l4YTrX3gmco&t=28s;images\divergeante_2.jpg;Shailene Woodley, Theo James;action, science-fiction;2015;bluray;;;
divergeante_3;https://www.youtube.com/watch?v=IME-Af-uRSE&t=29s;images\divergeante_3.jpg;Shailene Woodley, Theo James;action, science-fiction;2016;bluray;;;
doctor_strange;https://www.youtube.com/watch?v=bly7XM7QzSY&t=43s;images\doctor_strange.jpg;Benedict Cumberbatch, Chiwetel Ejiofor;action;2016;bluray;;;
doctor_strange_in_the_multiverse_of_madness;https://www.youtube.com/watch?v=IB0keJtKDvw;images\doctor_strange_in_the_multiverse_of_madness.jpg;Benedict Cumberbatch, Elizabeth Olsen;action;2022;bluray;;;
donjons_et_dragons;https://www.youtube.com/watch?v=wK69QJ2ESO0;images\donjons_et_dragons.jpeg;Chris Pine, Michelle Rodriguez;action;2023;bluray;;;
dunkerque;https://www.youtube.com/watch?v=chRUCIk3K94&t=66s;images\dunkerque.jpg;Fionn Whitehead, Tom Hardy, Mark Rylance;guerre, action;2017;bluray;;;
dune_part_1;https://www.youtube.com/watch?v=gHt8tCHbB2M;images\dune_part_1.jpg;Timothee Chalamet, Zendaya;action, aventure, science-fiction;2021;bluray;;;
dune_part_2;https://www.youtube.com/watch?v=SUfv36bB5jA;images\dune_part_2.jpg;Timothee Chalamet, Zendaya;action, aventure, science-fiction;2024;bluray;oui;;
equalizer_1;https://www.youtube.com/watch?v=Ydmk1_1_Gi4;images\equalizer_1.jpg;;action, thriller;2014;bluray;;;
equalizer_2;https://www.youtube.com/watch?v=zEmqoNmdhsI;images\equalizer_2.jpg;;action, thriller;2018;bluray;;;
equalizer_3;https://www.youtube.com/watch?v=2L0ibmBgFV8;images\equalizer_3.jpg;;action, thriller;2023;bluray;;;
esprits_criminels_saison_1;https://www.youtube.com/watch?v=NTYxiJBbEZk;images\esprits_criminels_saison_1.jpg;;serie tv;;dvd;;;
esprits_criminels_saison_10;https://www.youtube.com/watch?v=NTYxiJBbEZk;images\esprits_criminels_saison_10.jpg;;serie tv;;dvd;;;
esprits_criminels_saison_11;https://www.youtube.com/watch?v=NTYxiJBbEZk;images\esprits_criminels_saison_11.jpg;;serie tv;;dvd;;;
esprits_criminels_saison_12;https://www.youtube.com/watch?v=NTYxiJBbEZk;images\esprits_criminels_saison_12.jpg;;serie tv;;dvd;;;
esprits_criminels_saison_13;https://www.youtube.com/watch?v=NTYxiJBbEZk;images\esprits_criminels_saison_13.jpg;;serie tv;;dvd;;;
esprits_criminels_saison_14;https://www.youtube.com/watch?v=NTYxiJBbEZk;images\esprits_criminels_saison_14.jpg;;serie tv;;dvd;;;
esprits_criminels_saison_2;https://www.youtube.com/watch?v=NTYxiJBbEZk;images\esprits_criminels_saison_2.jpg;;serie tv;;dvd;;;
esprits_criminels_saison_3;https://www.youtube.com/watch?v=NTYxiJBbEZk;images\esprits_criminels_saison_3.jpg;;serie tv;;dvd;;;
esprits_criminels_saison_4;https://www.youtube.com/watch?v=NTYxiJBbEZk;images\esprits_criminels_saison_4.jpg;;serie tv;;dvd;;;
esprits_criminels_saison_5;https://www.youtube.com/watch?v=NTYxiJBbEZk;images\esprits_criminels_saison_5.jpg;;serie tv;;dvd;;;
esprits_criminels_saison_6;https://www.youtube.com/watch?v=NTYxiJBbEZk;images\esprits_criminels_saison_6.jpg;;serie tv;;dvd;;;
esprits_criminels_saison_7;https://www.youtube.com/watch?v=NTYxiJBbEZk;images\esprits_criminels_saison_7.jpg;;serie tv;;dvd;;;
esprits_criminels_saison_8;https://www.youtube.com/watch?v=NTYxiJBbEZk;images\esprits_criminels_saison_8.jpg;;serie tv;;dvd;;;
esprits_criminels_saison_9;https://www.youtube.com/watch?v=NTYxiJBbEZk;images\esprits_criminels_saison_9.jpg;;serie tv;;dvd;;;
et_pour_quelques_dollards_de_plus;https://www.youtube.com/watch?v=_0fFfnzIyCg;images\et_pour_quelques_dollards_de_plus.jpg;Clint Eastwood;western;;bluray;;;
expandable_1;https://www.youtube.com/watch?v=5RcnSc08lJQ&t=30s;images\expandable_1.jpg;Sylvester Stallone, Jason Statham;action, thriller;2010;bluray;;;
expandable_2;https://www.youtube.com/watch?v=PTEBUh76o-Y;images\expandable_2.jpg;Sylvester Stallone, Jason Statham, Jean-Claude Van Damme;action, thriller;2012;bluray;;;
expandable_3;https://www.youtube.com/watch?v=RwgHXmnUDBw&t=29s;images\expandable_3.jpg;Sylvester Stallone, Jason Statham, Mel Gibson;action, thriller;2014;bluray;;;
fast_and_furious_1;https://www.youtube.com/watch?v=b0EJzs6U9t8&t=30s;images\fast_and_furious_1.jpg;Vin Diesel, Paul Walker;action;2001;bluray;;;
fast_and_furious_10;https://www.youtube.com/watch?v=rPmA-4AhA94&t=91s;images\fast_and_furious_10.jpg;;action;2023;bluray;;;
fast_and_furious_2;https://www.youtube.com/watch?v=KUX6KI3-AjA&t=1s;images\fast_and_furious_2.jpg;Paul Walker, Tyrese Gibson;action;2003;bluray;;;
fast_and_furious_3;https://www.youtube.com/watch?v=KPiJgEc7Ux8&t=4s;images\fast_and_furious_3.jpg;Lucas Black, Sung Kang;action;2006;bluray;;;
fast_and_furious_4;https://www.youtube.com/watch?v=99XOxDLMvBg&t=4s;images\fast_and_furious_4.jpg;Vin Diesel, Paul Walker;action;2009;bluray;;;
fast_and_furious_5;https://www.youtube.com/watch?v=CYV-mTqlI_g&t=6s;images\fast_and_furious_5.jpg;Vin Diesel, Paul Walker, Dwayne Johnson;action;2011;bluray;;;
fast_and_furious_6;https://www.youtube.com/watch?v=Ewu0WTPbOVY&t=1s;images\fast_and_furious_6.jpg;Vin Diesel, Paul Walker, Dwayne Johnson;action;2013;bluray;;;
fast_and_furious_7;https://www.youtube.com/watch?v=3Wu2BhFuc4c;images\fast_and_furious_7.jpg;Vin Diesel, Paul Walker, Jason Statham;action;2015;bluray;;;
fast_and_furious_8;https://www.youtube.com/watch?v=xFO-pKB13mw;images\fast_and_furious_8.jpg;Vin Diesel, Dwayne Johnson, Charlize Theron;action;2017;bluray;;;
fast_and_furious_9;https://www.youtube.com/watch?v=Eumj0-UxrQM;images\fast_and_furious_9.jpg;Vin Diesel, John Cena;action;2021;bluray;;;
fast_and_furious_hobbs;https://www.youtube.com/watch?v=VZFp6OIeX2Q;images\fast_and_furious_hobbs.jpg;Dwayne Johnson, Jason Statham;action;2019;bluray;;;
ferrari;https://www.youtube.com/watch?v=Mq79jsu8PcQ;images\ferrari.jpg;Adam driver, Penelope Cruz;biopic;2023;bluray;;;
firefox;https://www.youtube.com/watch?v=Iv7-SOR7TQs&t=17s;images\firefox.jpg;Clint Eastwood;action;;bluray;;;
forrest_gump;https://www.youtube.com/watch?v=7pDDuroFBGM;images\forrest_gump.jpg;Tom Hanks, Robin Wright;comedie;1994;bluray;;;
franck_dubosq_romantique;https://www.youtube.com/watch?v=XPVsX92sVQM;images\franck_dubosq_romantique.jpg;;spectacle;;dvd;;;
freddy_1;https://www.youtube.com/watch?v=OuqHdlQ7DBM&t=52s;images\freddy_1.jpg;Robert Englund, Heather Langenkamp;horreur;1984;bluray;;;
freddy_2;https://www.youtube.com/watch?v=SUF13QSUUQA;images\freddy_2.jpg;Robert Englund, Mark Patton;horreur;1985;bluray;;;
freddy_3;https://www.youtube.com/watch?v=c1Zgra_gHMU&t=21s;images\freddy_3.jpg;Robert Englund, Heather Langenkamp;horreur;1987;bluray;;;
freddy_4;https://www.youtube.com/watch?v=wmDM090Z2SI;images\freddy_4.jpg;Robert Englund, Rodney Eastman;horreur;1988;bluray;;;
game_of_thrones;https://www.youtube.com/watch?v=Ng1W_qu5aJM;images\game_of_thrones.jpg;Kit Harington, Emilia Clarke;serie;;bluray;;;
gemini_man;https://www.youtube.com/watch?v=AK07MzdsrD4&t=60s;images\gemini_man.jpg;Will Smith, Mary Elizabeth Winstead;action, thriller;2019;bluray;;;
geostorm;https://www.youtube.com/watch?v=QWaOHVtjUoc;images\geostorm.jpg;Gerard Butler, Jim Sturgess;action, science-fiction;2017;bluray;;;
ghost;https://www.youtube.com/watch?v=zUY8bf4mUPg&t=28s;images\ghost.jpg;Patrick Swayze, Demi Moore;romance, thriller;2000;bluray;;;
gran_torino;https://www.youtube.com/watch?v=ih9_s8YcfLc;images\gran_torino.jpg;Clint Eastwood;thriller;;bluray;;;
gran_turismo;https://www.youtube.com/watch?v=9tR6oOlnkw4;images\gran_turismo.jpg;David Harbour, Orlando Bloom, Archie Madekwe;action, aventure;2023;bluray;oui;;
grease;https://www.youtube.com/watch?v=2j17nSmVghI;images\grease.jpg;John Travolta, Olivia Newton-John;musical, comedie;1978;bluray;;;
halloween;https://www.youtube.com/watch?v=wqts5qBX8ZA;images\hallowen.jpg;Jamie Lee Curtis, John Carpenter, David Gordon Green;horreur;2018;bluray;;;
hallowen_kills;https://www.youtube.com/watch?v=3UDSSahHzGA;images\halloween_kills.jpg;Jamie Lee Curtis, John Carpenter, David Gordon Green;horreur;2021;bluray;;;
hallowen_ends;https://www.youtube.com/watch?v=F95OM43zdHs;images\halloween_ends.jpg;Jamie Lee Curtis, John Carpenter, David Gordon Green;horreur;2022;bluray;;;
hancock;https://www.youtube.com/watch?v=FmpOgGrwXdQ&t=29s;images\hancock.jpg;Will Smith, Charlize Theron;action;2008;bluray;;;
happy_feet;https://www.youtube.com/watch?v=iTZ5yEg65XQ;images\happy_feet.jpg;;dessin anime;;enfant;;;
harry_potter_1;https://www.youtube.com/watch?v=P1BGgqhVGAI;images\harry_potter_1.jpg;Daniel Radcliffe, Emma Watson, Rupert Grint;aventure, familial;2001;bluray, enfant;;;
harry_potter_2;https://www.youtube.com/watch?v=Z3T8PuWuoL0&t=47s;images\harry_potter_2.jpg;Daniel Radcliffe, Emma Watson, Rupert Grint;aventure, familial;2002;bluray, enfant;;;
harry_potter_3;https://www.youtube.com/watch?v=CLncEeVf4ks&t=7s;images\harry_potter_3.jpg;Daniel Radcliffe, Emma Watson, Rupert Grint;aventure, familial;2004;bluray, enfant;;;
harry_potter_4;https://www.youtube.com/watch?v=XO9rqIgzDL0&t=3s;images\harry_potter_4.jpg;Daniel Radcliffe, Emma Watson, Rupert Grint;aventure, familial;2005;bluray, enfant;;;
harry_potter_5;https://www.youtube.com/watch?v=S8-SXEGMmi4&t=1s;images\harry_potter_5.jpg;Daniel Radcliffe, Emma Watson, Rupert Grint;aventure, familial;2007;bluray, enfant;;;
harry_potter_6;https://www.youtube.com/watch?v=yb-VYG3x5E8;images\harry_potter_6.jpg;Daniel Radcliffe, Emma Watson, Rupert Grint;aventure, familial;2009;bluray, enfant;;;
harry_potter_7;https://www.youtube.com/watch?v=HgZZsnleZJQ&t=1s;images\harry_potter_7.jpg;Daniel Radcliffe, Emma Watson, Rupert Grint;aventure, familial;2010;bluray, enfant;;;
harry_potter_8;https://www.youtube.com/watch?v=aiaIfICU-Tk&t=3s;images\harry_potter_8.jpg;Daniel Radcliffe, Emma Watson, Rupert Grint;aventure, familial;2011;bluray, enfant;;;
haut_les_flingues;https://www.youtube.com/watch?v=xAvYuFtHuV4&t=23s;images\haut_les_flingues.jpg;Clint Eastwood;western;;bluray;;;
hunger_games_1;https://www.youtube.com/watch?v=wqUq0lsQ684&t=19s;images\hunger_games_1.jpg;Jennifer Lawrence, Josh Hutcherson;action, science-fiction;2012;bluray;;;
hunger_games_2;https://www.youtube.com/watch?v=-ZcW_6i2Rkg;images\hunger_games_2.jpg;Jennifer Lawrence, Josh Hutcherson;action, science-fiction;2013;bluray;;;
hunger_games_3;https://www.youtube.com/watch?v=zdMIft77FEY&t=41s;images\hunger_games_3.jpg;Jennifer Lawrence, Josh Hutcherson;action, science-fiction;2014;bluray;;;
hunger_games_4;https://www.youtube.com/watch?v=MGZ0kzmcWAU&t=22s;images\hunger_games_4.jpg;Jennifer Lawrence, Josh Hutcherson;action, science-fiction;2015;bluray;;;
hunger_games_5;https://www.youtube.com/watch?v=BLJSN_UNqbc;images\hunger_games_5.jpg;;action, science-fiction;2023;bluray;;;
hypnotic;https://www.youtube.com/watch?v=0Rhej7ZllK8;images\hypnotic.jpg;;action, science-fiction;2023;bluray;;;
il_etait_une_fois_la_vie;https://www.youtube.com/watch?v=kNnpHAszq64;images\il_etait_une_fois_la_vie.jpg;;dessin anime;;dvd;;;
il_faut_sauver_le_soldat;https://www.youtube.com/watch?v=7VBsDfsXJfQ;images\il_faut_sauver_le_soldat.jpg;Tom Hanks, Matt Damon;guerre;1998;bluray;;;
impitoyable;https://www.youtube.com/watch?v=H3g3IH8Mgx0&t=19s;images\impitoyable.jpg;Clint Eastwood;western;;bluray;;;
inception;https://www.youtube.com/watch?v=HcoZbHBDHQA;images\inception.jpg;Leonardo DiCaprio, Joseph Gordon-Levitt;thriller, science-fiction;2010;bluray;;;
independance_day_1;https://www.youtube.com/watch?v=B1E7h3SeMDk&t=31s;images\independance_day_1.jpg;Will Smith, Bill Pullman;action, science-fiction;1996;bluray;;;
independance_day_2;https://www.youtube.com/watch?v=b577i7s2CiM;images\independance_day_2.jpg;Liam Hemsworth, Jeff Goldblum;action, science-fiction;2016;bluray;;;
inferno;https://www.youtube.com/watch?v=GfXpBiLwhHk&t=16s;images\inferno.jpg;Tom Hanks, Felicity Jones;action, aventure;2016;bluray;;;
insaisissables_1;https://www.youtube.com/watch?v=-FeFz-cXILA;images\insaisissables_1.jpg;Jesse Eisenberg, Mark Ruffalo;thriller;2013;bluray;;;
insaisissables_2;https://www.youtube.com/watch?v=0iGn57DVJIc;images\insaisissables_2.jpg;Jesse Eisenberg, Mark Ruffalo, Daniel Radcliffe;thriller;2016;bluray;;;
intouchable;https://www.youtube.com/watch?v=EsaX5kltRcA&t=33s;images\intouchable.jpg;François Cluzet, Omar Sy;comedie;2011;bluray;;;
invictus;https://www.youtube.com/watch?v=PEO6-fe9qPA&t=19s;images\invictus.jpg;Clint Eastwood;biopic, drame;;bluray;;;
iron_man_1;https://www.youtube.com/watch?v=rDCTb9Gp2qk&t=34s;images\iron_man_1.jpg;Robert Downey Jr., Gwyneth Paltrow;action, science-fiction;2008;bluray;;;
iron_man_2;https://www.youtube.com/watch?v=0Y7ullsUPEA;images\iron_man_2.jpg;Robert Downey Jr., Gwyneth Paltrow;action, science-fiction;2010;bluray;;;
iron_man_3;https://www.youtube.com/watch?v=wnEr73Rq3Ac&t=51s;images\iron_man_3.jpg;Robert Downey Jr., Gwyneth Paltrow;action, science-fiction;2013;bluray;;;
j_edgar;https://www.youtube.com/watch?v=3P-unVGBRAM&t=22s;images\j_edgar.jpg;Clint Eastwood;biopic, drame;;bluray;;;
jason_bourne;https://www.youtube.com/watch?v=euya1zwQ6U0;images\jason_bourne.jpg;;action;;dvd;;;
jason_bourne_l_heritage;https://www.youtube.com/watch?v=lUALPKrNkII;images\jason_bourne_l_heritage.jpg;;action;;dvd;;;
jason_bourne_la_memoire_dans_le_peau;https://www.youtube.com/watch?v=zTRMFgZK4oE;images\jason_bourne_la_memoire_dans_le_peau.jpg;;action;;dvd;;;
jason_bourne_la_mort_dans_la_peau;https://www.youtube.com/watch?v=akQDIZ6PUzY;images\jason_bourne_la_mort_dans_la_peau.jpg;;action;;dvd;;;
jason_bourne_la_vangeance_dans_la_peau;https://www.youtube.com/watch?v=fgo033vwNUA;images\jason_bourne_la_vangeance_dans_la_peau.jpg;;action;;dvd;;;
jean_philippe;https://www.youtube.com/watch?v=RnN3tT1Utxs&t=34s;images\jean_philippe.jpg;Fabrice Luchini, Johnny Hallyday;comedie;2006;bluray;;;
jersey_boys;https://www.youtube.com/watch?v=jgBr2iNGXzQ&t=18s;images\jersey_boys.jpg;Clint Eastwood;biopic, drame, musical;;bluray;;;
john_wick_1;https://www.youtube.com/watch?v=pWK5crMuhHY&t=37s;images\john_wick_1.jpg;Keanu Reeves, Michael Nyqvist;action;2014;bluray;;;
john_wick_2;https://www.youtube.com/watch?v=d0u1o8vdxE8&t=27s;images\john_wick_2.jpg;Keanu Reeves, Riccardo Scamarcio;action;2017;bluray;;;
john_wick_3;https://www.youtube.com/watch?v=Cs4wKxXjkc8&t=28s;images\john_wick_3.jpg;Keanu Reeves, Halle Berry;action;2019;bluray;;;
john_wick_4;https://www.youtube.com/watch?v=6itn_8L6-Z8&t=27s;images\john_wick_4.jpg;Keanu Reeves;action;2023;bluray;oui;;
joker;https://www.youtube.com/watch?v=OoTx1cYC5u8;images\joker.jpg;Joaquin Phoenix, Robert De Niro;thriller;2019;bluray;;;
josey_wales;https://www.youtube.com/watch?v=qiSp6hiQrjc;images\josey_wales.jpg;Clint Eastwood;western;;bluray;;;
joyeux_bordel;https://www.youtube.com/watch?v=ifk8lQ_5b6Y;images\joyeux_bordel.jpg;Jason Bateman, Olivia Munn;comedie;2016;bluray;;;
juge_coupable;https://www.youtube.com/watch?v=L9v6kR1nGow&t=25s;images\juge_coupable.jpg;Clint Eastwood;drame;;bluray;;;
jumanji;https://www.youtube.com/watch?v=oZI2njF5rx0;images\jumanji.jpg;Dwayne Johnson, Kevin Hart, Jack Black;aventure;2017;bluray;;;
jumanji_2;https://www.youtube.com/watch?v=RhWRa0wBBHA;images\jumanji_2.jpg;Dwayne Johnson, Kevin Hart, Jack Black;aventure;2019;bluray;;;
jungle_cruise;https://www.youtube.com/watch?v=CWpcUeAZgD0&t=43s;images\jungle_cruise.jpg;Dwayne Johnson, Emily Blunt;aventure;2021;bluray;;;
jurassic_park_1;https://www.youtube.com/watch?v=ZEY7iMX_oZs&t=41s;images\jurassic_park_1.jpg;Sam Neill, Laura Dern, Jeff Goldblum;aventure, science-fiction;1993;bluray;;;
jurassic_park_2;https://www.youtube.com/watch?v=z6hwDlf8vMk&t=41s;images\jurassic_park_2.jpg;Jeff Goldblum, Julianne Moore;aventure, science-fiction;1997;bluray;;;
jurassic_park_3;https://www.youtube.com/watch?v=FxOfakcWAeE;images\jurassic_park_3.jpg;Sam Neill, William H. Macy;aventure, science-fiction;2001;bluray;;;
jurassic_park_4;https://www.youtube.com/watch?v=wmzAfqhphq8;images\jurassic_park_4.jpg;Chris Pratt, Bryce Dallas Howard;aventure, science-fiction;2015;bluray;;;
jurassic_park_5;https://www.youtube.com/watch?v=6Eokj_7aIQ0;images\jurassic_park_5.jpg;Chris Pratt, Bryce Dallas Howard;aventure, science-fiction;2025;bluray;;;
justice_league;https://www.youtube.com/watch?v=cvUFoxU_Lq0&t=28s;images\justice_league.jpg;Ben Affleck, Gal Gadot, Henry Cavill;action, fantasy;2017;bluray;;;
justice_league_zack_snider;https://www.youtube.com/watch?v=nKmVTdkUI6A;images\justice_league_zack_snider.jpg;Ben Affleck, Gal Gadot, Henry Cavill;action, fantasy;2021;bluray;;;
kin;https://www.youtube.com/watch?v=KGsqiAF6MJk&t=49s;images\kin.jpg;Myles Truitt, Jack Reynor;action, science-fiction;2018;bluray;;;
kings_man_1;https://www.youtube.com/watch?v=s-YfBT7Wu9o;images\kings_man_1.jpg;Taron Egerton, Colin Firth;action;2015;bluray;;;
kings_man_2;https://www.youtube.com/watch?v=QImgyRave8c;images\kings_man_2.jpg;Taron Egerton, Colin Firth, Julianne Moore;action;2017;bluray;;;
kings_man_3;https://www.youtube.com/watch?v=QMQ53iuCsp0;images\kings_man_3.jpg;Ralph Fiennes, Harris Dickinson;action;2021;bluray;;;
kite;https://www.youtube.com/watch?v=B7_hddE3i4k&t=3s;images\kite.jpg;India Eisley, Callan McAuliffe;action;2014;bluray;;;
knock_knock;https://www.youtube.com/watch?v=RxFWCjH_t6k&t=31s;images\knock_knock.jpg;Keanu Reeves, Lorenza Izzo;thriller;2015;bluray;;;
la_soupe_aux_choux;https://www.youtube.com/watch?v=r_UZpfnK7ks;images\la_soupe_aux_choux.jpg;Louis de Funes, Jacques Villeret;;1981;bluray;;;
l_apprenti_pere_Noel;https://www.youtube.com/watch?v=mHph8Eitu5U;images\l_apprenti_pere_Noel.jpg;;dessin anime;;enfant;;;
l_apprenti_pere_Noel_et_le_flocon_magique;https://www.youtube.com/watch?v=6AEvuThaklQ;images\l_apprenti_pere_Noel_et_le_flocon_magique.jpg;;dessin anime;;enfant;;;
l_arme_fatale_1;https://www.youtube.com/watch?v=OeBVtCT6HW8;images\larme_fatale_1.jpg;Mel Gibson, Danny Glover;action, comedie;1987;bluray;;;
l_arme_fatale_2;https://www.youtube.com/watch?v=5AdW-ShY9T4;images\larme_fatale_2.jpg;Mel Gibson, Danny Glover;action, comedie;1989;bluray;;;
l_arme_fatale_3;https://www.youtube.com/watch?v=w0Y6L5Y9M3s&t=32s;images\larme_fatale_3.jpg;Mel Gibson, Danny Glover;action, comedie;1992;bluray;;;
l_arme_fatale_4;https://www.youtube.com/watch?v=Es4CYLavwuw&t=37s;images\larme_fatale_4.jpg;Mel Gibson, Danny Glover;action, comedie;1998;bluray;;;
l_echange;https://www.youtube.com/watch?v=l3nYub3gL6w&t=20s;images\l_echange.jpg;Clint Eastwood;drame;;bluray;;;
l_evade_d_alcatraz;https://www.youtube.com/watch?v=VNSd9hDWWd4;images\l_evade_d_alcatraz.jpg;Clint Eastwood;drame, thriller;;bluray;;;
l_homme_des_hautes_plaines;https://www.youtube.com/watch?v=OjHFfhBFNWs;images\l_homme_des_hautes_plaines.jpg;Clint Eastwood;western;;bluray;;;
l_incroyable_hulk;https://www.youtube.com/watch?v=LCjTxK1B5Pg&t=38s;images\lincroyable_hulk.jpg;Edward Norton, Liv Tyler;action, science-fiction;2008;bluray;;;
l_inspecteur_harry;https://www.youtube.com/watch?v=Dl39nG83WDM&t=20s;images\l_inspecteur_harry.jpg;Clint Eastwood;action;;bluray;;;
l_inspecteur_ne_renonce_jamais;https://www.youtube.com/watch?v=NfK6T5yljkg&t=23s;images\l_inspecteur_ne_renonce_jamais.jpg;Clint Eastwood;action;;bluray;;;
la_belle_au_bois_dormant;https://www.youtube.com/watch?v=gV-8k4b2eTY;images\la_belle_au_bois_dormant.jpg;;dessin anime;;enfant;;;
la_belle_et_la_bête;https://www.youtube.com/watch?v=lXmvFs0LL58;images\la_belle_et_la_bête.jpg;;dessin anime;;enfant;;;
la_boum_1;https://www.youtube.com/watch?v=uqKKiUSLZK8;images\la_boum_1.jpg;Sophie Marceau, Claude Brasseur;comedie, romance;1980;bluray;;;
la_boum_2;https://www.youtube.com/watch?v=NnHZuv7ITic&t=41s;images\la_boum_2.jpg;Sophie Marceau, Claude Brasseur;comedie, romance;1982;bluray;;;
la_derniere_cible;https://www.youtube.com/watch?v=9LYYp002Mbk&t=23s;images\la_derniere_cible.jpg;Clint Eastwood;action;;bluray;;;
la_famille_belier;https://www.youtube.com/watch?v=tEgw97vpkDM&t=26s;images\la_famille_belier.jpg;Louane Emera, Karin Viard;comedie, musical;2014;bluray;;;
la_haut;https://www.youtube.com/watch?v=p-TdCD6DBfM;images\la_haut.jpg;;dessin anime;;enfant;;;
la_ligne_verte;https://www.youtube.com/watch?v=mccs8Ql8m8o&t=32s;images\la_ligne_verte.jpg;Tom Hanks, Michael Clarke Duncan;fantasy;1999;bluray;;;
la_liste_de_schindler;https://www.youtube.com/watch?v=ONWtyxzl-GE;images\la_liste_de_schindler.jpg;Liam Neeson, Ben Kingsley, Ralph Fiennes;drame, historique;1994;bluray;;;
la_mule;https://www.youtube.com/watch?v=bGgyUSO24BA;images\la_mule.jpg;Clint Eastwood, Bradley Cooper;drame, thriller;2018;bluray;;;
la_petite_sirene;https://www.youtube.com/watch?v=J5VvzJmiqJc;images\la_petite_sirene.jpg;Jodi Benson, Christopher Daniel Barnes (voices);famille, fantastique;2023;bluray;;;
la_petite_sirene_anime;https://www.youtube.com/watch?v=363URFzzCgg;images\la_petite_sirene_anime.jpg;;dessin anime;;enfant;;;
la_planete_des_singes_1;https://www.youtube.com/watch?v=Vn8GriIog1s&t=25s;images\la_planete_des_singes_1.jpg;Mark Wahlberg, Tim Roth;science-fiction;2011;bluray;;;
la_planete_des_singes_2;https://www.youtube.com/watch?v=dPcwB7okdzU&t=30s;images\la_planete_des_singes_2.jpg;Andy Serkis, Jason Clarke;science-fiction;2014;bluray;;;
la_planete_des_singes_3;https://www.youtube.com/watch?v=GyUI-Cr9lak&t=53s;images\la_planete_des_singes_3.jpg;Andy Serkis, Woody Harrelson;science-fiction;2017;bluray;;;
la_planete_des_singes_4;https://www.youtube.com/watch?v=ttgameuObLM;images\la_planete_des_singes_4.jpg;;science-fiction;2024;bluray;oui;;
la_reine_des_neiges;https://www.youtube.com/watch?v=uyP70r9PS6A;images\la_reine_des_neiges.jpg;;dessin anime;;enfant;;;
la_reine_des_neiges_2;https://www.youtube.com/watch?v=XEWZw_5yIrs;images\la_reine_des_neiges_2.jpg;;dessin anime;;enfant;;;
la_releve;https://www.youtube.com/watch?v=a_hDCwQORLQ;images\la_releve.jpg;Clint Eastwood;action;;bluray;;;
la_sanction;https://www.youtube.com/watch?v=LWbM8aEbSR8;images\la_sanction.jpg;Clint Eastwood;action;;bluray;;;
l'age_de_glace;https://www.youtube.com/watch?v=DWMgt-wM34Q;images\l'age_de_glace.jpg;;dessin anime;;enfant;;;
largo_winch;https://www.youtube.com/watch?v=rnYZHu_YaQY&t=28s;images\largo_winch.jpg;Tomer Sisley, Kristin Scott Thomas;action, aventure;2008;bluray;;;
le_bon_la_brute_et_le_tuand;https://www.youtube.com/watch?v=WA1hCZFOPqs&t=28s;images\le_bon_la_brute_et_le_tuand.jpg;Clint Eastwood;western;;bluray;;;
le_comte_de_montecristo;https://www.youtube.com/watch?v=u0YnbsyvGS0;images\le_comte_de_montecristo.jpg;Pierre Niney;aventure, historique;2024;bluray;oui;;
le_crime_de_l'orient_express;https://www.youtube.com/watch?v=FMlYxRCBSSM;images\le_crime.jpg;Kenneth Branagh, Johnny Depp;drame;2017;bluray;;;
le_doudou;https://www.youtube.com/watch?v=P4_rE7qGXFE&t=30s;images\le_doudou.jpg;Kad Merad, Malik Bentalha;comedie;2017;bluray;;;
le_drole_de_noel_de_scroodge;https://www.youtube.com/watch?v=PcNLFXSdO5A&t=47s;images\le_drole_de_noel_de_scroodge.jpg;Jim Carrey, Gary Oldman (voices);;2009;bluray;;;
le_grand_bleu;https://www.youtube.com/watch?v=xGmVAPwWwSM;images\le_grand_bleu.jpg;Jean-Marc Barr, Jean Reno;;1988;bluray;;;
le_hobbit_1;https://www.youtube.com/watch?v=tiy7peMH3g8&t=35s;images\le_hobbit_1.jpg;Martin Freeman, Ian McKellen;;2012;bluray;;;
le_hobbit_2;https://www.youtube.com/watch?v=bvKLagxYhrc&t=28s;images\le_hobbit_2.jpg;Martin Freeman, Benedict Cumberbatch;;2013;bluray;;;
le_hobbit_3;https://www.youtube.com/watch?v=E5qN3zUF3Rw;images\le_hobbit_3.jpg;Martin Freeman, Ian McKellen;;2014;bluray;;;
le_jeu;https://www.youtube.com/watch?v=1fGdZehIGFE;images\le_jeu.jpg;Berenice Bejo, Suzanne Clement;;2018;bluray;;;
le_labirynthe;https://www.youtube.com/watch?v=LyPiCH_4Al4;images\le_labirynthe.jpg;Dylan O'Brien, Kaya Scodelario;;2014;bluray;;;
le_labirynthe_2;https://www.youtube.com/watch?v=K7jyL2cS6dc;images\le_labirynthe_2.jpg;Dylan O'Brien, Kaya Scodelario;;2015;bluray;;;
le_labirynthe_3;https://www.youtube.com/watch?v=HuXEKU0PTzw;images\le_labirynthe_3.jpg;Dylan O'Brien, Kaya Scodelario;;2018;bluray;;;
le_maitre_de_guerre;https://www.youtube.com/watch?v=8GcZkgg2URs&t=37s;images\le_maitre_de_guerre.jpg;Clint Eastwood;;;bluray;;;
le_mans_66;https://www.youtube.com/watch?v=UG3Z-MIDdGs;images\le_mans_66.jpg;Matt Damon, Christian Bale;;2019;bluray;;;
le_monde_de_dory;https://www.youtube.com/watch?v=yE3VBMHFQQs;images\le_monde_de_dory.jpg;;;;enfant;;;
le_monde_de_nemo;https://www.youtube.com/watch?v=XtAnXfDIBqY;images\le_monde_de_nemo.jpg;;;;enfant;;;
le_monde_fantastique_d_oz;https://www.youtube.com/watch?v=2Hsq8qq0jdo&t=45s;images\le_monde_fantastique_doz.jpg;James Franco, Mila Kunis;;2013;bluray;;;
le_pere_noel_est_une_ordure;https://www.youtube.com/watch?v=cm8Bk3TbSnQ;images\le_pere_noel_est_une_ordure.jpg;;;;dvd;;;
le_prestige;https://www.youtube.com/watch?v=2zVbrV1ehnU;images\le_prestige.jpg;Christian Bale, Hugh Jackman;;2006;bluray;;;
le_prix_de_la_loyaute;Le Prix de la loyaute (2008) Bande Annonce VF |HD];images\le_prix_de_la_loyaute.jpg;Edward Norton, Colin Farrell, Jon Voight;;2008;bluray;;;
le_retour_de_linspecteur_harry;https://www.youtube.com/watch?v=snIfTY9VeCI;images\le_retour_de_linspecteur_harry.jpg;Clint Eastwood;;;bluray;;;
le_roi_lion;https://www.youtube.com/watch?v=-KfIYw-D4Iw;images\Le_Roi_lion.jpg;;dessin anime;;enfant;;;
le_roi_soleil;https://www.youtube.com/watch?v=17CFKRwNd-0;images\le_roi_soleil.jpg;;musical;;dvd;;;
le_seigneur_des_anneaux_1;https://www.youtube.com/watch?v=nalLU8i4zgs;images\le_seigneur_des_anneaux_1.jpg;Elijah Wood, Ian McKellen;;2001;bluray;;;
le_seigneur_des_anneaux_2;https://www.youtube.com/watch?v=c9blKqmyeV4;images\le_seigneur_des_anneaux_2.jpg;Elijah Wood, Ian McKellen;;2002;bluray;;;
le_seigneur_des_anneaux_3;https://www.youtube.com/watch?v=RCuDRcK0BBM;images\le_seigneur_des_anneaux_3.jpg;Elijah Wood, Ian McKellen;;2003;bluray;;;
le_transporteur_heritage;https://www.youtube.com/watch?v=DRuyPTWsydY&t=30s;images\le_transporteur_heritage.jpg;Ed Skrein, Ray Stevenson;;2015;bluray;;;
le_voyage_d_arlo;https://www.youtube.com/watch?v=sa-_HfLs4X8;images\le_voyage_d_arlo.jpg;;dessin anime;;enfant;;;
leon;https://www.youtube.com/watch?v=M242Bp0PcwE;images\leon.jpg;Jean Reno, Natalie Portman;;1994;bluray;;;
les_10_commandements;https://www.youtube.com/watch?v=f1bJUZALrDM;images\les_10_commandements.jpg;;;;dvd;;;
les_animaux_fantastiques;https://www.youtube.com/watch?v=jC8xuFcMq20;images\les_animaux_fantastiques.jpg;Eddie Redmayne, Katherine Waterston;;2016;bluray;;;
les_animaux_fantastiques_2;https://www.youtube.com/watch?v=Dnb6eAfSHtw&t=47s;images\les_animaux_fantastiques_2.jpg;Eddie Redmayne, Johnny Depp;;2018;bluray;;;
les_animaux_fantastiques_3;https://www.youtube.com/watch?v=k39acJCDSKY;images\les_animaux_fantastiques_3.jpg;Eddie Redmayne, Jude Law;;2022;bluray;;;
les_aventures_de_tintin_le_secret_de_la_licorne;https://www.youtube.com/watch?v=koobYArp7fc;images\les_aventures_de_tintin_le_secret_de_la_licorne.jpg;;;;dvd;;;
les_bronzes_font_du_ski;https://www.youtube.com/watch?v=xgQH75teJGk;images\les_bronzes_font_du_ski.jpg;;;;dvd;;;
les_chevaliers_du_zodiac;https://www.youtube.com/watch?v=nEWL1GQ5Pks;images\les_chevaliers_du_zodiac.jpg;;;2023;bluray;;;
les_eternels;https://www.youtube.com/watch?v=nHcubNwuKFA&t=31s;images\les_eternelles.jpg;Gemma Chan, Richard Madden;;2021;bluray;;;
les_gardiens_de_la_galaxie_1;https://www.youtube.com/watch?v=HbB1LC_QyK0&t=24s;images\les_gardiens_de_la_galaxie_1.jpg;Chris Pratt, Zoe Saldana;;2014;bluray;;;
les_gardiens_de_la_galaxie_2;https://www.youtube.com/watch?v=e2LkglavLRs&t=37s;images\les_gardiens_de_la_galaxie_2.jpg;Chris Pratt, Zoe Saldana;;2017;bluray;;;
les_gardiens_de_la_galaxie_3;https://www.youtube.com/watch?v=0RsvBSFm938;images\les_gardiens_de_la_galaxie_3.jpg;Chris Pratt, Zoe Saldana;;2023;bluray;;;
les_nouveaux_heros;https://www.youtube.com/watch?v=bCqe_Pokr-k;images\les_nouveaux_heros.jpg;;;;enfant;;;
les_petits_mouchoirs;https://www.youtube.com/watch?v=mxKMVFBPUQo;images\les_petits_mouchoirs.jpeg;François Cluzet, Marion Cotillard, Benoît Magimel;comedie;2010;bluray;;;
les_pleins_pouvoirs;https://www.youtube.com/watch?v=J6786udAomM;images\les_pleins_pouvoirs.jpg;Clint Eastwood;;;bluray;;;
les_schtroumpfs;https://www.youtube.com/watch?v=3GclcezQvFU&t=31s;images\les_schtroumphs.jpg;Neil Patrick Harris, Jayma Mays (live-action);;2011;bluray;;;
les_tuche_1;https://www.youtube.com/watch?v=ndCzT6dyOqk&t=36s;images\les_tuche_1.jpg;Jean-Paul Rouve, Isabelle Nanty;comedie;2010;bluray;;;
les_tuche_2;https://www.youtube.com/watch?v=pKbox8S-se4&t=31s;images\les_tuche_2.jpg;Jean-Paul Rouve, Isabelle Nanty;comedie;2016;bluray;;;
les_tuche_3;https://www.youtube.com/watch?v=WqSPFOLA9sE&t=26s;images\les_tuche_3.jpg;Jean-Paul Rouve, Isabelle Nanty;comedie;2018;bluray;;;
les_tuche_4;https://www.youtube.com/watch?v=vxWSTApFmR4;images\les_tuche_4.jpg;Jean-Paul Rouve, Isabelle Nanty;comedie;2021;bluray;;;
lettres_d_iwo_jima;https://www.youtube.com/watch?v=lXV1Xi_xyck&t=19s;images\lettres_d_iwo_jima.jpg;Clint Eastwood;;;bluray;;;
logan;https://www.youtube.com/watch?v=i-iqiI5uikE;images\logan.jpg;Hugh Jackman, Patrick Stewart;;2017;bluray;;;
mad_max_1;https://www.youtube.com/watch?v=W-nRV83ixeg;images\mad_max_1.jpg;;;;bluray;;;
mad_max_2;https://www.youtube.com/watch?v=m5hyLg7yZtI;images\mad_max_2.jpg;;;;bluray;;;
mad_max_3;https://www.youtube.com/watch?v=4588wWWf5WU;images\mad_max_3.jpg;;;;bluray;;;
mad_max_4;https://www.youtube.com/watch?v=3rk7lkEUiuY;images\mad_max_4.jpg;;;;bluray;;;
mad_max_5;https://www.youtube.com/watch?v=l4jyaC7GR0A;images\mad_max_5.jpg;;;;bluray;oui;;
madagascar;https://www.youtube.com/watch?v=BaK_dCpAidE;images\madagascar.jpg;;dessin anime;;enfant;;;
magnum_force;https://www.youtube.com/watch?v=wtLoFPIACVw&t=27s;images\magnum_force.jpg;Clint Eastwood;;;bluray;;;
malefique_1;https://www.youtube.com/watch?v=8yBDfD88W3U&t=48s;images\malefique_1.jpg;Angelina Jolie, Elle Fanning;;2014;enfant, bluray;;;
malefique_2;https://www.youtube.com/watch?v=R2kmlH2VkME&t=28s;images\malefique_2.jpg;Angelina Jolie, Elle Fanning;;2019;enfant, bluray;;;
man_of_steel;https://www.youtube.com/watch?v=Xw4VeR7tCxU&t=35s;images\man_of_steel.jpg;Henry Cavill, Amy Adams;;2013;bluray;;;
matrix_1;https://www.youtube.com/watch?v=8xx91zoASLY&t=27s;images\matrix_1.jpg;Keanu Reeves, Laurence Fishburne;;1999;bluray;;;
matrix_2;https://www.youtube.com/watch?v=0ha2XYVC7_s&t=26s;images\matrix_2.jpg;Keanu Reeves, Laurence Fishburne;;2003;bluray;;;
matrix_3;https://www.youtube.com/watch?v=sK51m1tj_bE&t=31s;images\matrix_3.jpg;Keanu Reeves, Laurence Fishburne;;2003;bluray;;;
matrix_4;https://www.youtube.com/watch?v=Tj63xbpKnqo&t=26s;images\matrix_4.jpg;Keanu Reeves, Carrie-Anne Moss;;2021;bluray;;;
memoires_de_nos_peres;https://www.youtube.com/watch?v=Kez8jsb-s2Q&t=22s;images\memoires_de_nos_peres.jpg;Clint Eastwood;;;bluray;;;
men_in_black_1;https://www.youtube.com/watch?v=2wVy3QmCyJU&t=40s;images\men_in_black_1.jpg;Will Smith, Tommy Lee Jones;;1997;bluray;;;
men_in_black_2;https://www.youtube.com/watch?v=HuQmpzpAhHo&t=34s;images\men_in_black_2.jpg;Will Smith, Tommy Lee Jones;;2002;bluray;;;
men_in_black_3;https://www.youtube.com/watch?v=Ep6NGpX66oU&t=38s;images\men_in_black_3.jpg;Will Smith, Josh Brolin;;2012;bluray;;;
men_in_black_international;https://www.youtube.com/watch?v=JHQq7eOOxdc&t=39s;images\men_in_black_international.jpg;Chris Hemsworth, Tessa Thompson;;2019;bluray;;;
merlin_l'enchanteur;https://www.youtube.com/watch?v=Y9TrjKkqGOs;images\merlin_l'enchanteur.jpg;;;;enfant;;;
midnight_express;https://www.youtube.com/watch?v=OFVsGmNGGys&t=7s;images\midnight_express.jpg;Brad Davis, John Hurt;;1978;bluray;;;
million_dollard_baby;https://www.youtube.com/watch?v=krz9U4ZrGog&t=20s;images\million_dollard_baby.jpg;Clint Eastwood;;;bluray;;;
minority_report;https://www.youtube.com/watch?v=V0Ay_CB9quU;images\minority_report.jpg;Tom Cruise, Colin Farrell;;2002;bluray;;;
mirrors;https://www.youtube.com/watch?v=09LIqK4eJew;images\mirrors.jpg;Kiefer Sutherland, Paula Patton, Cameron Boyce;;2008;bluray;;;
mission_impossible_1;https://www.youtube.com/watch?v=EvOqiaqfewU&t=53s;images\mission_impossible_1.jpg;Tom Cruise, Jon Voight;;1996;bluray;;;
mission_impossible_2;https://www.youtube.com/watch?v=aHjhMW1WvWk&t=29s;images\mission_impossible_2.jpg;Tom Cruise, Dougray Scott;;2000;bluray;;;
mission_impossible_3;https://www.youtube.com/watch?v=Lb8mK7w_ig4&t=2s;images\mission_impossible_3.jpg;Tom Cruise, Philip Seymour Hoffman;;2006;bluray;;;
mission_impossible_4;https://www.youtube.com/watch?v=r5Pw_ntvbEo&t=5s;images\mission_impossible_4.jpg;Tom Cruise, Jeremy Renner;;2011;bluray;;;
mission_impossible_5;https://www.youtube.com/watch?v=wX8fhP-fsPg&t=20s;images\mission_impossible_5.jpg;Tom Cruise, Rebecca Ferguson;;2015;bluray;;;
mission_impossible_6;https://www.youtube.com/watch?v=n4qbj1lFEpU&t=4s;images\mission_impossible_6.jpg;Tom Cruise, Henry Cavill;;2018;bluray;;;
mission_impossible_dead_reckoning_part_1;https://www.youtube.com/watch?v=kz34RaRBczI;images\mission_impossible_dead_reckoning_part_1.jpg;;;2023;bluray;;;
mission_noel_les_aventures_de_la_famille_Noel;https://www.youtube.com/watch?v=F-eAFVgvd5Y;images\mission_noel_les_aventures_de_la_famille_Noel.jpg;;;;enfant;;;
moonfall;https://www.youtube.com/watch?v=z3LNxIZI1go&t=32s;images\moonfall.jpg;Halle Berry, Patrick Wilson;;2022;bluray;;;
morbius;https://www.youtube.com/watch?v=6pGgkOcIyQA;images\morbius.jpg;Jared Leto, Matt Smith;;2022;bluray;;;
mozart_l_opera_rock;https://www.youtube.com/watch?v=aS1SGkWoHec;images\mozart_l_opera_rock.jpg;;;;dvd;;;
mystic_river;https://www.youtube.com/watch?v=yniM_7MzOgo&t=20s;images\mystic_river.jpg;Clint Eastwood;;;bluray;;;
nos_etoiles_contraires;https://www.youtube.com/watch?v=X6WVLSdigCk&t=6s;images\nos_eoiles_contraires.jpg;Shailene Woodley, Ansel Elgort;;2014;bluray;;;
notre_dame_de_paris;https://www.youtube.com/watch?v=dSa0Z0Yd0J0;images\notre_dame_de_paris.jpg;;;;dvd;;;
nuit_blanche_a_seattle;https://www.youtube.com/watch?v=XACtsPeHvxA;images\nuit_blanche_a_seattle.jpg;Tom Hanks, Meg Ryan;;1993;bluray;;;
oblivion;https://www.youtube.com/watch?v=XH1su3FVEA4&t=30s;images\oblivion.jpg;Tom Cruise, Morgan Freeman;;2013;bluray;;;
oppenheimer;https://www.youtube.com/watch?v=CoXtvSRpHgM;images\oppenheimer.jpg;;;2023;bluray;;;
pale_rider;https://www.youtube.com/watch?v=bS_cnoSjucc;images\pale_rider.jpg;Clint Eastwood;;;bluray;;;
pattaya;https://www.youtube.com/watch?v=cICeyHsS16Y;images\pattaya.jpg;Franck Gastambide, Malik Bentalha;;2016;bluray;;;
peppermint;https://www.youtube.com/watch?v=EE1wg5HHwK0&t=1s;images\peppermint.jpg;Jennifer Garner, John Gallagher Jr.;;2018;bluray;;;
percy_jackson;https://www.youtube.com/watch?v=n5eVOZ6aGkM;images\percy_jackson.jpg;;;;dvd;;;
personnel_et_confidentiel;https://www.youtube.com/watch?v=eQ8gzALE4nI;images\personnel_et_confidentiel.jpg;;;;dvd;;;
peter_et_elliot_le_dragon;https://www.youtube.com/watch?v=MEXN66uRNe8&t=33s;images\peter_et_elliot_le_dragon.jpg;Oakes Fegley, Bryce Dallas Howard;;2016;bluray;;;
peter_pan;https://www.youtube.com/watch?v=mZs_n92dLfY;images\peter_pan.jpg;;;;enfant;;;
philadelphia;https://www.youtube.com/watch?v=rYfl8rmZBKc&t=9s;images\philadelphia.jpg;Tom Hanks, Denzel Washington;;1993;bluray;;;
pinocchio;https://www.youtube.com/watch?v=OJ_Z-XEfv1w;images\pinocchio.jpg;;;;enfant;;;
pirate_des_caraibes_1;https://www.youtube.com/watch?v=WiZC7l0ovvk;images\pirate_des_caraibes_1.jpg;Johnny Depp, Orlando Bloom;;2003;bluray;;;
pirate_des_caraibes_2;https://www.youtube.com/watch?v=ZJwdTWd8o_w;images\pirate_des_caraibes_2.jpg;Johnny Depp, Orlando Bloom;;2006;bluray;;;
pirate_des_caraibes_3;https://www.youtube.com/watch?v=rF6k1bXAVIg;images\pirate_des_caraibes_3.jpg;Johnny Depp, Orlando Bloom;;2007;bluray;;;
pirate_des_caraibes_4;https://www.youtube.com/watch?v=Kcqf4RqBaUI;images\pirate_des_caraibes_4.jpg;Johnny Depp, Penelope Cruz;;2011;bluray;;;
pirate_des_caraibes_5;https://www.youtube.com/watch?v=OTEGxxMTnPU;images\pirate_des_caraibes_5.jpg;Johnny Depp, Javier Bardem;;2017;bluray;;;
plane;https://www.youtube.com/watch?v=Ky-K-DBCkjQ;images\plane.jpg;;dessin anime;;enfant;;;
plane_2;https://www.youtube.com/watch?v=nQOafb9vwSU;images\plane_2.jpg;;dessin anime;;enfant;;;
point_break;https://www.youtube.com/watch?v=5L7zkTFUxjo&t=35s;images\point_break.jpg;Patrick Swayze, Keanu Reeves;;1991;bluray;;;
poseidon;https://www.youtube.com/watch?v=TtZGfLoe1lA&t=31s;images\poseidon.jpg;Josh Lucas, Kurt Russell;;2006;bluray;;;
pour_une_poignee_de_dollards;https://www.youtube.com/watch?v=aBmcIKDW5D8;images\pour_une_poignee_de_dollards.jpg;Clint Eastwood;;;bluray;;;
pretty_woman;https://www.youtube.com/watch?v=eBl8jzO6KHg;images\pretty_woman.jpg;Richard Gere, Julia Roberts;;1990;bluray;;;
quand_les_aigles_attaques;https://www.youtube.com/watch?v=kqwUCHZlRmU&t=26s;images\quand_les_aigles_attaques.jpg;Clint Eastwood;;;bluray;;;
radin;https://www.youtube.com/watch?v=8hmQFU2hpJM&t=34s;images\radin.jpg;Dany Boon, Laurence Arne;;2016;bluray;;;
rain_man;https://www.youtube.com/watch?v=G2q2IVHu8p4&t=39s;images\rain_man.jpg;Dustin Hoffman, Tom Cruise;;1988;bluray;;;
rambo_1;https://www.youtube.com/watch?v=WY9Bemk9oF0;images\rambo_1.jpg;Sylvester Stalone;guerre, action;;bluray;;;
rambo_2;https://www.youtube.com/watch?v=uJ_76yL0hMg;images\rambo_2.jpg;Sylvester Stalone;guerre, action;;bluray;;;
rambo_3;https://www.youtube.com/watch?v=PK--aOvYcJ4;images\rambo_3.jpg;Sylvester Stalone;guerre, action;;bluray;;;
rampage;https://www.youtube.com/watch?v=8ckz-mk9-Tg;images\rampage.jpg;Dwayne Johnson, Naomie Harris;;2018;bluray;;;
ready_player_one;https://www.youtube.com/watch?v=oYGkAMHCOC4&t=42s;images\ready_player.jpg;Tye Sheridan, Olivia Cooke;;2018;bluray;;;
remember_me;https://www.youtube.com/watch?v=xi5I1JX0UIY&t=32s;images\remember_me.jpg;Robert Pattinson, Emilie de Ravin;;2010;bluray;;;
replicas;https://www.youtube.com/watch?v=CQopGH4qMEI&t=7s;images\replicas.jpg;Keanu Reeves, Alice Eve;;2018;bluray;;;
repomen;https://www.youtube.com/watch?v=xlnXUtLhE2U;images\repomen.jpeg;Jude Law, Forest Whitaker, Alice Braga;science-fiction;2010;bluray;;;
resident_evil_1;https://www.youtube.com/watch?v=amWEDXmkoXo;images\resident_evil_1.jpg;Milla Jovovich, Michelle Rodriguez;;2002;bluray;;;
resident_evil_2;https://www.youtube.com/watch?v=axd-h6a0Wgg;images\resident_evil_2.jpg;Milla Jovovich, Sienna Guillory;;2004;bluray;;;
resident_evil_3;https://www.youtube.com/watch?v=lb52BesCCa8;images\resident_evil_3.jpg;Milla Jovovich, Oded Fehr;;2007;bluray;;;
resident_evil_4;https://www.youtube.com/watch?v=eaKOg7w8meQ;images\resident_evil_4.jpg;Milla Jovovich, Ali Larter;;2010;bluray;;;
resident_evil_5;https://www.youtube.com/watch?v=65g5-p3CQcM;images\resident_evil_5.jpg;Milla Jovovich, Sienna Guillory;;2012;bluray;;;
resident_evil_6;https://www.youtube.com/watch?v=xHohwszlCEw;images\resident_evil_6.jpg;Milla Jovovich, Iain Glen;;2017;bluray;;;
retour_vers_le_futur;https://www.youtube.com/watch?v=cU5BREZ9ke0;images\retour_vers_le_futur.jpg;Michael J. Fox, Christopher Lloyd;;1985;bluray;;;
retour_vers_le_futur_2;https://www.youtube.com/watch?v=u72lyJirxGQ&t=14s;images\retour_vers_le_futur_2.jpg;Michael J. Fox, Christopher Lloyd;;1989;bluray;;;
retour_vers_le_futur_3;https://www.youtube.com/watch?v=Ugth9lQsKb0;images\retour_vers_le_futur_3.jpg;Michael J. Fox, Christopher Lloyd;;1990;bluray;;;
robin_des_bois;https://www.youtube.com/watch?v=sUfxQgRiwow;images\robin_des_bois.jpg;;musical;;dvd;;;
rogue_one_star_wars;https://www.youtube.com/watch?v=ox6Dsbvp7ng&t=35s;images\rogue_on_star_wars.jpg;Felicity Jones, Diego Luna;;2016;bluray;;;
san_andreas;https://www.youtube.com/watch?v=HGpwaIf3ZKk&t=40s;images\san_andreas.jpg;Dwayne Johnson, Carla Gugino;;2015;bluray;;;
saw_1;https://www.youtube.com/watch?v=8Swsh-up3iM&t=54s;images\saw_1.jpg;Cary Elwes, Leigh Whannell;;2004;bluray;;;
saw_10;https://www.youtube.com/watch?v=-8nu5Z3069Y;images\saw_10.jpg;Tobin Bell;;2024;bluray;oui;;
saw_2;https://www.youtube.com/watch?v=RzsCFIbUoVQ&t=21s;images\saw_2.jpg;Donnie Wahlberg, Tobin Bell;;2005;bluray;;;
saw_3;https://www.youtube.com/watch?v=91B113M4usE;images\saw_3.jpg;Tobin Bell, Shawnee Smith;;2006;bluray;;;
saw_4;https://www.youtube.com/watch?v=Qe8ZSX2NW0A;images\saw_4.jpg;Tobin Bell, Costas Mandylor;;2007;bluray;;;
saw_5;https://www.youtube.com/watch?v=3MiXFmlVPOY&t=44s;images\saw_5.jpg;Tobin Bell, Costas Mandylor;;2008;bluray;;;
saw_6;https://www.youtube.com/watch?v=4rv9dq2IQ-I;images\saw_6.jpg;Tobin Bell, Costas Mandylor;;2009;bluray;;;
saw_7;https://www.youtube.com/watch?v=oqE1tTFClh4;images\saw_7.jpg;Tobin Bell, Costas Mandylor;;2010;bluray;;;
saw_8;https://www.youtube.com/watch?v=QxiztUnTivE&t=39s;images\saw_8.jpg;Tobin Bell, Costas Mandylor;;2017;bluray;;;
scream;https://www.youtube.com/watch?v=QCbLIEE0WoE;images\scream.jpg;;;2023;bluray;;;
shang_chi;https://www.youtube.com/watch?v=PD3rUCBFDlI&t=37s;images\shang_chi.jpg;Simu Liu, Awkwafina;;2021;bluray;;;
shazam;https://www.youtube.com/watch?v=KThUY2k_yW4;images\shazam.jpg;Zachary Levi, Asher Angel;;2019;bluray;;;
shazam_2;https://www.youtube.com/watch?v=VM5Hz-csjt8&t=4s;images\shazam_2.jpg;Zachary Levi, Helen Mirren;;2023;bluray;;;
shrek;https://www.youtube.com/watch?v=08dotHAQ-6M;images\shrek.jpg;;dessin anime;;enfant;;;
sinister;https://www.youtube.com/watch?v=4sfzhzRAceE;images\sinister.jpg;Ethan Hawke, Juliet Rylance;;2012;bluray;;;
sinister_2;https://www.youtube.com/watch?v=DAVMVdX9AIE&t=33s;images\sinister_2.jpg;James Ransone, Shannyn Sossamon;;2015;bluray;;;
sissi_l_imperatrice;https://www.youtube.com/watch?v=oBQtYm7JYrg;images\sissi_l_imperatrice.jpg;;;;dvd;;;
sixieme_sens;https://www.youtube.com/watch?v=HEd92ksuHNo;images\sixieme_sens.jpg;Bruce Willis, Haley Joel Osment;;1999;bluray;;;
skyscraper;https://www.youtube.com/watch?v=clKMwavvv6o;images\skyscraper.jpg;Dwayne Johnson, Neve Campbell;;2018;bluray;;;
smile_2;https://www.youtube.com/watch?v=7FdME3fbeiI;images\smile_2.jpg;Naomi Scott, Rosemarie DeWitt, Lukas Gage;horreur;2024;bluray;;;
sonic;https://www.youtube.com/watch?v=NCZTYdAP6w0;images\sonic.jpg;Ben Schwartz, James Marsden (voice/live-action);;2020;enfant, bluray;;;
sonic_2;https://www.youtube.com/watch?v=SqH3-sCkZQw;images\sonic_2.jpg;Ben Schwartz, James Marsden (voice/live-action);;2022;enfant, bluray;;;
space_cowboys;https://www.youtube.com/watch?v=wou34lVVUac&t=29s;images\space_cowboys.jpg;Clint Eastwood;;;bluray;;;
spider_man_far_from_home;https://www.youtube.com/watch?v=FguIk-SEkWI&t=34s;images\spider_man_far_from_home.jpg;Tom Holland, Zendaya;;2019;bluray;;;
spider_man_homecoming;https://www.youtube.com/watch?v=Y8ErdqD5YPc;images\spider_man_homecoming.jpg;Tom Holland, Michael Keaton;;2017;bluray;;;
spider_man_no_way_home;https://www.youtube.com/watch?v=7w_w10HVa54;images\spider_man_no_way_home.jpg;Tom Holland, Zendaya;;2021;bluray;;;
spiderman_1;https://www.youtube.com/watch?v=ea6iiJs9BeI;images\Spider_Man.jpg;;;;dvd;;;
spiderman_2;https://www.youtube.com/watch?v=sckzK6kXBQA;images\spiderman_2.jpg;;;;dvd;;;
spiderman_3;https://www.youtube.com/watch?v=tn2V4EWJeOA;images\spiderman_3.jpg;;;;dvd;;;
star_wars_1;https://www.youtube.com/watch?v=0q-Q99DtNkw;images\star_wars_1.jpg;Liam Neeson, Ewan McGregor, Natalie Portman;;1999;bluray;;;
star_wars_2;https://www.youtube.com/watch?v=1D7DUNCHXkg;images\star_wars_2.jpg;Ewan McGregor, Natalie Portman, Hayden Christensen;;2002;bluray;;;
star_wars_3;https://www.youtube.com/watch?v=t1qtvKYwTV0;images\star_wars_3.jpg;Ewan McGregor, Hayden Christensen, Natalie Portman;;2008;bluray;;;
star_wars_4;https://www.youtube.com/watch?v=PNyht4iTMX8;images\star_wars_4.jpg;Mark Hamill, Harrison Ford, Carrie Fisher;;1977;bluray;;;
star_wars_5;https://www.youtube.com/watch?v=_y-xlGOuVaE;images\star_wars_5.jpg;Mark Hamill, Harrison Ford, Carrie Fisher;;1980;bluray;;;
star_wars_6;https://www.youtube.com/watch?v=5QSEJx3R968;images\star_wars_6.jpg;Mark Hamill, Harrison Ford, Carrie Fisher;;1983;bluray;;;
star_wars_7;https://www.youtube.com/watch?v=mH9Ygfs5avo&t=40s;images\star_wars_7.jpg;Daisy Ridley, John Boyega, Harrison Ford, Carrie Fisher;;2015;bluray;;;
star_wars_8;https://www.youtube.com/watch?v=wY708Ky2SG8;images\star_wars_8.jpg;Daisy Ridley, John Boyega, Harrison Ford, Carrie Fisher;;2017;bluray;;;
star_wars_9;https://www.youtube.com/watch?v=pHgwf2eMFnA&t=41s;images\star_wars_9.jpg;Daisy Ridley, Adam Driver;;2019;bluray;;;
suicide_squad;https://www.youtube.com/watch?v=XfboDbU3xnA;images\suicide_squad.jpg;Will Smith, Margot Robbie;;2021;bluray;;;
super_heros_malgres_lui;https://www.youtube.com/watch?v=y6LXJnItN1U;images\super_heros_malgres_lui.jpg;Philippe Lacheau, elodie Fontan,Tarek Boudali;;2022;bluray;;;
super_mario;https://www.youtube.com/watch?v=iwst-UZn3wM;images\super_mario.jpg;Bob Hoskins, John Leguizamo;;2023;enfant;;;
sur_la_route_de_madison;https://www.youtube.com/watch?v=mirWUoFE1OY&t=39s;images\sur_la_route_de_madison.jpg;Clint Eastwood;;;bluray;;;
taken_1;https://www.youtube.com/watch?v=UX_71dbzJIw&t=22s;images\taken_1.jpg;Liam Neeson, Maggie Grace;;2008;bluray;;;
taken_2;https://www.youtube.com/watch?v=G_U2ZpXjpeg&t=26s;images\taken_2.jpg;Liam Neeson, Maggie Grace;;2012;bluray;;;
taken_3;https://www.youtube.com/watch?v=nSInrKvxIdI&t=42s;images\taken_3.jpg;Liam Neeson, Forest Whitaker;;2015;bluray;;;
tenet;https://www.youtube.com/watch?v=6UG5LJQNjts;images\tenet.jpg;John David Washington, Robert Pattinson;;2020;bluray;;;
the_batman;https://www.youtube.com/watch?v=hGQo1axtj60&t=34s;images\the_batman.jpg;Robert Pattinson, Zoë Kravitz;;2022;bluray;;;
the_doors;https://www.youtube.com/watch?v=z5X9rhbDtl4&t=33s;images\the_doors.jpg;Val Kilmer, Meg Ryan;;1991;bluray;;;
the_fall_guy;https://www.youtube.com/watch?v=ilU15hwe3-0;images\the_fall_guy.jpg;Ryan Gosling, Emily Blunt;;2024;bluray;oui;;
the_flash;https://www.youtube.com/watch?v=mUMlQZfjK1c;images\the_flash.jpg;;;2023;bluray;;;
the_island;https://www.youtube.com/watch?v=EiBZakZa0TY&t=36s;images\the_island.jpg;Ewan McGregor, Scarlett Johansson;;2005;bluray;;;
the_marvels;https://www.youtube.com/watch?v=9z9_bfhpLzU;images\the_marvels.jpg;;;2023;bluray;;;
the_suicide_squad;https://www.youtube.com/watch?v=lu4P7YmGgiE;images\the_suicide_squad.jpg;Margot Robbie, Idris Elba;;2021;bluray;;;
the_walking_dead_saisons_1_a_7_;https://www.youtube.com/watch?v=AbtiqJGhWyY&t=13s;images\the_walking_dead_saisons_1_a_7_.jpg;;;;bluray;;;
thor_1;https://www.youtube.com/watch?v=pzT3yeV9lT4&t=35s;images\thor_1.jpg;Chris Hemsworth, Natalie Portman;;2011;bluray;;;
thor_le_monde_des_tenebres;https://www.youtube.com/watch?v=WocFedghAHI;images\thor_le_monde_des_tenebres.jpg;Chris Hemsworth, Natalie Portman;;2013;bluray;;;
thor_love_and_thunder;https://www.youtube.com/watch?v=K8iHxGiPyZk;images\thor_love_and_thunder.jpg;Chris Hemsworth, Natalie Portman;;2022;bluray;;;
thor_ragnarok;https://www.youtube.com/watch?v=RtG6scyBIeM&t=42s;images\thor_ragnarok.jpg;Chris Hemsworth, Tom Hiddleston;;2017;bluray;;;
titanic;https://www.youtube.com/watch?v=Quf4qIkD3KY&t=31s;images\titanic.jpg;Leonardo DiCaprio, Kate Winslet;;1997;bluray;;;
tomb_raider;https://www.youtube.com/watch?v=UmXKhK9YKZg&t=35s;images\tomb_raider.jpg;Angelina Jolie, Jon Voight;;2018;bluray;;;
top_gun;https://www.youtube.com/watch?v=i8sEGppZX-s;images\top_gun.jpg;Tom Cruise, Kelly McGillis;;1986;bluray;;;
top_gun_2_maverick;https://www.youtube.com/watch?v=JYaFU81-t6c;images\maverick.jpg;Tom Cruise, Miles Teller;;2022;bluray;;;
toy_story;https://www.youtube.com/watch?v=q_1wTx-qIpk;images\toy_story.jpg;;;;enfant;;;
toy_story_2;https://www.youtube.com/watch?v=2FlAUxq1MUU;images\toy_story_2.jpg;;;;enfant;;;
toy_story_3;https://www.youtube.com/watch?v=1jd_vUeEZfo;images\toy_story_3.jpg;;;;enfant;;;
toy_story_4;https://www.youtube.com/watch?v=ZoIxOE74wBw;images\toy_story_4.jpg;;;;enfant;;;
transformers_1;https://www.youtube.com/watch?v=_XKAU3tYO9M&t=11s;images\transformers_1.jpg;Shia LaBeouf, Megan Fox;;2007;bluray;;;
transformers_2;https://www.youtube.com/watch?v=u9uUVkYB6Aw&t=13s;images\transformers_2.jpg;Shia LaBeouf, Megan Fox;;2009;bluray;;;
transformers_3;https://www.youtube.com/watch?v=7-ZBYb2poUM&t=12s;images\transformers_3.jpg;Shia LaBeouf, Rosie Huntington-Whiteley;;2011;bluray;;;
transformers_4;https://www.youtube.com/watch?v=O3cpckQmmk8&t=60s;images\transformers_4.jpg;Mark Wahlberg, Stanley Tucci;;2014;bluray;;;
transformers_5;https://www.youtube.com/watch?v=IsUacT2oFwU;images\transformers_5.jpg;Mark Wahlberg, Anthony Hopkins;;2017;bluray;;;
transformers_6;https://www.youtube.com/watch?v=BO9d1C9ZsCs;images\transformers_6.jpg;;;2023;bluray;;;
twilight_1;https://www.youtube.com/watch?v=xzO_Iiwt4b4;images\twilight_1.jpg;Kristen Stewart, Robert Pattinson;;2009;bluray;;;
twilight_2;https://www.youtube.com/watch?v=ShHNEvFPtvc;images\twilight_2.jpg;Kristen Stewart, Robert Pattinson;;2009;bluray;;;
twilight_3;https://www.youtube.com/watch?v=yi4xJGebtuk;images\twilight_3.jpg;Kristen Stewart, Robert Pattinson;;2010;bluray;;;
twilight_4;https://www.youtube.com/watch?v=_jWriOZlsnw&t=50s;images\twilight_4.jpg;Kristen Stewart, Robert Pattinson;;2011;bluray;;;
twilight_5;https://www.youtube.com/watch?v=CjdPAg-gyFE&t=43s;images\twilight_5.jpg;Kristen Stewart, Robert Pattinson;;2012;bluray;;;
twisters;https://www.youtube.com/watch?v=Zcp8L7NBKiI;images\twisters.jpg;Glen Powel, Daisy Edgar-Jones, Anthony Ramos;;2024;bluray;oui;;
un_hologram_pour_le_roi;https://www.youtube.com/watch?v=TLpl17kCevA&t=42s;images\un_hologram_pour_le_roi.jpg;Tom Hanks, Alexander Black;;2016;bluray;;;
un_monde_parfait;https://www.youtube.com/watch?v=H1g3PETKszA&t=28s;images\un_monde_parfait.jpg;Clint Eastwood;;;bluray;;;
underworld_1;https://www.youtube.com/watch?v=2_IoL7g5Ub8&t=21s;images\underworld_1.jpg;Kate Beckinsale, Scott Speedman;;2001;bluray;;;
underworld_2;https://www.youtube.com/watch?v=v86oFYYz3Bg&t=40s;images\underworld_2.jpg;Kate Beckinsale, Scott Speedman;;2006;bluray;;;
underworld_3;https://www.youtube.com/watch?v=Ebp9UDnzE7c&t=28s;images\underworld_3.jpg;Michael Sheen, Bill Nighy;;2009;bluray;;;
underworld_4;https://www.youtube.com/watch?v=76U14o8QeXk;images\underworld_4.jpg;Kate Beckinsale, Stephen Rea;;2012;bluray;;;
underworld_5;https://www.youtube.com/watch?v=a61vd2UpaDg;images\underworld_5.jpg;Kate Beckinsale, Theo James;;2016;bluray;;;
une_nouvelle_chance;https://www.youtube.com/watch?v=rOEIOA4lIw4&t=25s;images\une_nouvelle_chance.jpg;Clint Eastwood;;;bluray;;;
vaiana;https://www.youtube.com/watch?v=JIl74jge_Wg;images\vaiana.jpg;;dessin anime;;enfant;;;
venom_1;https://www.youtube.com/watch?v=Pw9ZvTicmIg;images\venom_1.jpg;Tom Hardy, Michelle Williams, Riz Ahmed;;2018;bluray;;;
venom_2;https://www.youtube.com/watch?v=Pj_uJvUatnU;images\venom_2.jpeg;Tom Hardy, Woody Harrelson, Michelle Williams;;2021;bluray;;;
venom_3;https://www.youtube.com/watch?v=uCJu2RjSZyE;images\venom_3.jpg;Tom Hardy, Juno Temple, Alanna Ubach;;2024;bluray;;;
very_bad_trip_1;https://www.youtube.com/watch?v=hHqR9Tq16_E&t=23s;images\very_bad_trip_1.jpg;Bradley Cooper, Ed Helms;;2009;bluray;;;
very_bad_trip_2;https://www.youtube.com/watch?v=DFw9AlqUbYQ&t=25s;images\very_bad_trip_2.jpg;Bradley Cooper, Ed Helms;;2011;bluray;;;
very_bad_trip_3;https://www.youtube.com/watch?v=ibq2kS7NRaU&t=29s;images\very_bad_trip_3.jpg;Bradley Cooper, Ed Helms;;2013;bluray;;;
volte_face;https://www.youtube.com/watch?v=K-gncct2TX8;images\volte_face.jpg;John Travolta, Nicolas Cage;;1997;bluray;;;
vox_lux;https://www.youtube.com/watch?v=fMCYE9hKP68&t=29s;images\vox_lux.jpg;Natalie Portman, Jude Law;;2018;bluray;;;
wayne_s_world;https://www.youtube.com/watch?v=3plL6MNrhVo;images\wayne_s_world.jpg;;;;dvd;;;
wolverine;https://www.youtube.com/watch?v=WKrknCZIj2Q;images\wolverine.jpg;Hugh Jackman, Tao Okamoto;;2013;bluray;;;
wonder_woman;https://www.youtube.com/watch?v=CWe308Fpywg;images\wonder_woman.jpg;Gal Gadot, Chris Pine;;2017;bluray;;;
wonder_woman_1984;https://www.youtube.com/watch?v=rhlHVvmVf04;images\wonder_woman_1984.jpg;Gal Gadot, Chris Pine;;2020;bluray;;;
xmen_1;https://www.youtube.com/watch?v=QLtF7ZmXfjw;images\xmen_1.jpg;Hugh Jackman, Patrick Stewart;;2000;bluray;;;
xmen_2;https://www.youtube.com/watch?v=WmzABBFM6CY&t=34s;images\xmen_2.jpg;Hugh Jackman, Halle Berry;;2003;bluray;;;
xmen_3;https://www.youtube.com/watch?v=dE5rzrBKfPc&t=14s;images\xmen_3.jpg;Hugh Jackman, Halle Berry;;2006;bluray;;;
xmen_apocalyspse;https://www.youtube.com/watch?v=8chgx3qqZNA&t=9s;images\xmen_apocalyspse.jpg;James McAvoy, Michael Fassbender;;2016;bluray;;;
xmen_dark_phoenix;https://www.youtube.com/watch?v=11_xxw6VZv8&t=2s;images\xmen_dark_phoenix.jpg;Sophie Turner, James McAvoy;;2019;bluray;;;
xmen_days_of_futur_past;https://www.youtube.com/watch?v=6esGeXis858;images\xmen_days_of_futur_past.jpg;Hugh Jackman, James McAvoy;;2014;bluray;;;
xmen_le_commencement;https://www.youtube.com/watch?v=tT8oQT8ILpY&t=30s;images\xmen_le_commencement.jpg;James McAvoy, Michael Fassbender;;2011;bluray;;;
xmen_origins;https://www.youtube.com/watch?v=yawHvdrZrcs&t=35s;images\xmen_origins.jpg;Hugh Jackman, Liev Schreiber;;2009;bluray;;;
